filename,rttm_content,processing_time,num_segments,num_speakers,speaker_ids,timestamp
Dickson Lau 0489_8330-97501167_2025101001451020981.wav,"SPEAKER Dickson Lau 0489_8330-97501167_2025101001451020981 1   0.000   2.375 <NA> <NA> speaker_0 <NA> <NA>
SPEAKER Dickson Lau 0489_8330-97501167_2025101001451020981 1   2.375   3.500 <NA> <NA> speaker_1 <NA> <NA>
SPEAKER Dickson Lau 0489_8330-97501167_2025101001451020981 1   5.875   1.845 <NA> <NA> speaker_0 <NA> <NA>
SPEAKER Dickson Lau 0489_8330-97501167_2025101001451020981 1   8.380   3.340 <NA> <NA> speaker_0 <NA> <NA>
SPEAKER Dickson Lau 0489_8330-97501167_2025101001451020981 1   13.580   2.125 <NA> <NA> speaker_1 <NA> <NA>
SPEAKER Dickson Lau 0489_8330-97501167_2025101001451020981 1   15.705   1.695 <NA> <NA> speaker_0 <NA> <NA>
SPEAKER Dickson Lau 0489_8330-97501167_2025101001451020981 1   18.300   1.625 <NA> <NA> speaker_1 <NA> <NA>
SPEAKER Dickson Lau 0489_8330-97501167_2025101001451020981 1   19.925   0.675 <NA> <NA> speaker_0 <NA> <NA>
SPEAKER Dickson Lau 0489_8330-97501167_2025101001451020981 1   21.580   1.875 <NA> <NA> speaker_0 <NA> <NA>
SPEAKER Dickson Lau 0489_8330-97501167_2025101001451020981 1   23.455   1.500 <NA> <NA> speaker_1 <NA> <NA>
SPEAKER Dickson Lau 0489_8330-97501167_2025101001451020981 1   24.955   4.445 <NA> <NA> speaker_0 <NA> <NA>
SPEAKER Dickson Lau 0489_8330-97501167_2025101001451020981 1   29.900   0.625 <NA> <NA> speaker_1 <NA> <NA>
SPEAKER Dickson Lau 0489_8330-97501167_2025101001451020981 1   30.525   1.750 <NA> <NA> speaker_0 <NA> <NA>
SPEAKER Dickson Lau 0489_8330-97501167_2025101001451020981 1   32.275   0.965 <NA> <NA> speaker_1 <NA> <NA>
",4.8442418575286865,14,1,<NA>,2025-10-27 15:10:53
Dickson Lau 0489_8330-22776622_202510140140158059.wav,"SPEAKER Dickson Lau 0489_8330-22776622_202510140140158059 1   0.060   1.875 <NA> <NA> speaker_1 <NA> <NA>
SPEAKER Dickson Lau 0489_8330-22776622_202510140140158059 1   1.935   8.000 <NA> <NA> speaker_0 <NA> <NA>
SPEAKER Dickson Lau 0489_8330-22776622_202510140140158059 1   9.935   9.000 <NA> <NA> speaker_1 <NA> <NA>
SPEAKER Dickson Lau 0489_8330-22776622_202510140140158059 1   18.935   1.000 <NA> <NA> speaker_0 <NA> <NA>
SPEAKER Dickson Lau 0489_8330-22776622_202510140140158059 1   19.935   3.705 <NA> <NA> speaker_1 <NA> <NA>
SPEAKER Dickson Lau 0489_8330-22776622_202510140140158059 1   23.980   1.875 <NA> <NA> speaker_0 <NA> <NA>
SPEAKER Dickson Lau 0489_8330-22776622_202510140140158059 1   25.855   3.250 <NA> <NA> speaker_1 <NA> <NA>
SPEAKER Dickson Lau 0489_8330-22776622_202510140140158059 1   29.105   0.455 <NA> <NA> speaker_0 <NA> <NA>
",4.524711608886719,8,1,<NA>,2025-10-27 16:26:56
Dickson Lau 0489_8330-24193912_2025101708162529452.wav,"SPEAKER Dickson Lau 0489_8330-24193912_2025101708162529452 1   0.140   4.300 <NA> <NA> speaker_0 <NA> <NA>
",192.57994413375854,1,1,<NA>,2025-10-27 16:31:17
Dickson Lau 0489_8330-24193912_2025101708162529452.wav,"SPEAKER Dickson Lau 0489_8330-24193912_2025101708162529452 1   0.140   4.300 <NA> <NA> speaker_0 <NA> <NA>
",2.8608627319335938,1,1,<NA>,2025-10-27 16:46:07
Dickson Lau 0489_8330-24193935_2025100909124319292.wav,"SPEAKER Dickson Lau 0489_8330-24193935_2025100909124319292 1   0.620   0.220 <NA> <NA> speaker_0 <NA> <NA>
SPEAKER Dickson Lau 0489_8330-24193935_2025100909124319292 1   2.300   4.700 <NA> <NA> speaker_0 <NA> <NA>
",1.3905959129333496,2,1,<NA>,2025-10-27 16:46:16
Dickson Lau 0489_8330-60932183_202510210834009616.wav,"SPEAKER Dickson Lau 0489_8330-60932183_202510210834009616 1   0.060   2.780 <NA> <NA> speaker_0 <NA> <NA>
SPEAKER Dickson Lau 0489_8330-60932183_202510210834009616 1   3.260   2.125 <NA> <NA> speaker_1 <NA> <NA>
SPEAKER Dickson Lau 0489_8330-60932183_202510210834009616 1   5.385   0.250 <NA> <NA> speaker_0 <NA> <NA>
SPEAKER Dickson Lau 0489_8330-60932183_202510210834009616 1   5.635   12.645 <NA> <NA> speaker_1 <NA> <NA>
SPEAKER Dickson Lau 0489_8330-60932183_202510210834009616 1   19.020   1.625 <NA> <NA> speaker_1 <NA> <NA>
SPEAKER Dickson Lau 0489_8330-60932183_202510210834009616 1   20.645   5.500 <NA> <NA> speaker_0 <NA> <NA>
SPEAKER Dickson Lau 0489_8330-60932183_202510210834009616 1   26.145   1.250 <NA> <NA> speaker_1 <NA> <NA>
SPEAKER Dickson Lau 0489_8330-60932183_202510210834009616 1   27.395   4.645 <NA> <NA> speaker_0 <NA> <NA>
SPEAKER Dickson Lau 0489_8330-60932183_202510210834009616 1   33.180   0.875 <NA> <NA> speaker_1 <NA> <NA>
SPEAKER Dickson Lau 0489_8330-60932183_202510210834009616 1   34.055   2.000 <NA> <NA> speaker_0 <NA> <NA>
SPEAKER Dickson Lau 0489_8330-60932183_202510210834009616 1   36.055   3.750 <NA> <NA> speaker_1 <NA> <NA>
SPEAKER Dickson Lau 0489_8330-60932183_202510210834009616 1   39.805   6.315 <NA> <NA> speaker_0 <NA> <NA>
SPEAKER Dickson Lau 0489_8330-60932183_202510210834009616 1   47.100   2.375 <NA> <NA> speaker_1 <NA> <NA>
SPEAKER Dickson Lau 0489_8330-60932183_202510210834009616 1   49.475   3.500 <NA> <NA> speaker_0 <NA> <NA>
SPEAKER Dickson Lau 0489_8330-60932183_202510210834009616 1   52.975   2.250 <NA> <NA> speaker_1 <NA> <NA>
SPEAKER Dickson Lau 0489_8330-60932183_202510210834009616 1   55.225   6.335 <NA> <NA> speaker_0 <NA> <NA>
SPEAKER Dickson Lau 0489_8330-60932183_202510210834009616 1   62.380   6.860 <NA> <NA> speaker_0 <NA> <NA>
SPEAKER Dickson Lau 0489_8330-60932183_202510210834009616 1   70.140   2.625 <NA> <NA> speaker_0 <NA> <NA>
SPEAKER Dickson Lau 0489_8330-60932183_202510210834009616 1   72.765   1.000 <NA> <NA> speaker_1 <NA> <NA>
SPEAKER Dickson Lau 0489_8330-60932183_202510210834009616 1   73.765   1.395 <NA> <NA> speaker_0 <NA> <NA>
SPEAKER Dickson Lau 0489_8330-60932183_202510210834009616 1   75.900   10.875 <NA> <NA> speaker_0 <NA> <NA>
SPEAKER Dickson Lau 0489_8330-60932183_202510210834009616 1   86.775   1.985 <NA> <NA> speaker_1 <NA> <NA>
SPEAKER Dickson Lau 0489_8330-60932183_202510210834009616 1   89.260   2.125 <NA> <NA> speaker_1 <NA> <NA>
SPEAKER Dickson Lau 0489_8330-60932183_202510210834009616 1   91.385   0.250 <NA> <NA> speaker_0 <NA> <NA>
SPEAKER Dickson Lau 0489_8330-60932183_202510210834009616 1   91.635   1.000 <NA> <NA> speaker_1 <NA> <NA>
SPEAKER Dickson Lau 0489_8330-60932183_202510210834009616 1   92.635   0.750 <NA> <NA> speaker_0 <NA> <NA>
SPEAKER Dickson Lau 0489_8330-60932183_202510210834009616 1   93.385   4.250 <NA> <NA> speaker_1 <NA> <NA>
SPEAKER Dickson Lau 0489_8330-60932183_202510210834009616 1   97.635   2.000 <NA> <NA> speaker_0 <NA> <NA>
SPEAKER Dickson Lau 0489_8330-60932183_202510210834009616 1   99.635   0.250 <NA> <NA> speaker_1 <NA> <NA>
SPEAKER Dickson Lau 0489_8330-60932183_202510210834009616 1   99.885   6.955 <NA> <NA> speaker_0 <NA> <NA>
SPEAKER Dickson Lau 0489_8330-60932183_202510210834009616 1   107.580   3.375 <NA> <NA> speaker_0 <NA> <NA>
SPEAKER Dickson Lau 0489_8330-60932183_202510210834009616 1   110.955   0.750 <NA> <NA> speaker_1 <NA> <NA>
SPEAKER Dickson Lau 0489_8330-60932183_202510210834009616 1   111.705   7.615 <NA> <NA> speaker_0 <NA> <NA>
SPEAKER Dickson Lau 0489_8330-60932183_202510210834009616 1   119.980   2.460 <NA> <NA> speaker_0 <NA> <NA>
SPEAKER Dickson Lau 0489_8330-60932183_202510210834009616 1   123.420   3.820 <NA> <NA> speaker_0 <NA> <NA>
SPEAKER Dickson Lau 0489_8330-60932183_202510210834009616 1   127.900   1.260 <NA> <NA> speaker_0 <NA> <NA>
SPEAKER Dickson Lau 0489_8330-60932183_202510210834009616 1   130.300   2.125 <NA> <NA> speaker_1 <NA> <NA>
SPEAKER Dickson Lau 0489_8330-60932183_202510210834009616 1   132.425   3.935 <NA> <NA> speaker_0 <NA> <NA>
SPEAKER Dickson Lau 0489_8330-60932183_202510210834009616 1   137.020   1.875 <NA> <NA> speaker_1 <NA> <NA>
SPEAKER Dickson Lau 0489_8330-60932183_202510210834009616 1   138.895   4.265 <NA> <NA> speaker_0 <NA> <NA>
SPEAKER Dickson Lau 0489_8330-60932183_202510210834009616 1   143.660   8.375 <NA> <NA> speaker_0 <NA> <NA>
SPEAKER Dickson Lau 0489_8330-60932183_202510210834009616 1   152.035   1.000 <NA> <NA> speaker_1 <NA> <NA>
SPEAKER Dickson Lau 0489_8330-60932183_202510210834009616 1   153.035   4.845 <NA> <NA> speaker_0 <NA> <NA>
SPEAKER Dickson Lau 0489_8330-60932183_202510210834009616 1   159.980   3.375 <NA> <NA> speaker_1 <NA> <NA>
SPEAKER Dickson Lau 0489_8330-60932183_202510210834009616 1   163.355   13.750 <NA> <NA> speaker_0 <NA> <NA>
SPEAKER Dickson Lau 0489_8330-60932183_202510210834009616 1   177.105   1.250 <NA> <NA> speaker_1 <NA> <NA>
SPEAKER Dickson Lau 0489_8330-60932183_202510210834009616 1   178.355   2.005 <NA> <NA> speaker_0 <NA> <NA>
SPEAKER Dickson Lau 0489_8330-60932183_202510210834009616 1   181.020   4.375 <NA> <NA> speaker_0 <NA> <NA>
SPEAKER Dickson Lau 0489_8330-60932183_202510210834009616 1   185.395   1.250 <NA> <NA> speaker_1 <NA> <NA>
SPEAKER Dickson Lau 0489_8330-60932183_202510210834009616 1   186.645   6.275 <NA> <NA> speaker_0 <NA> <NA>
SPEAKER Dickson Lau 0489_8330-60932183_202510210834009616 1   193.420   5.100 <NA> <NA> speaker_0 <NA> <NA>
SPEAKER Dickson Lau 0489_8330-60932183_202510210834009616 1   201.980   0.875 <NA> <NA> speaker_0 <NA> <NA>
SPEAKER Dickson Lau 0489_8330-60932183_202510210834009616 1   202.855   2.250 <NA> <NA> speaker_1 <NA> <NA>
SPEAKER Dickson Lau 0489_8330-60932183_202510210834009616 1   205.105   4.750 <NA> <NA> speaker_0 <NA> <NA>
SPEAKER Dickson Lau 0489_8330-60932183_202510210834009616 1   209.855   0.500 <NA> <NA> speaker_1 <NA> <NA>
SPEAKER Dickson Lau 0489_8330-60932183_202510210834009616 1   210.355   13.045 <NA> <NA> speaker_0 <NA> <NA>
SPEAKER Dickson Lau 0489_8330-60932183_202510210834009616 1   223.900   6.060 <NA> <NA> speaker_0 <NA> <NA>
SPEAKER Dickson Lau 0489_8330-60932183_202510210834009616 1   231.740   0.875 <NA> <NA> speaker_0 <NA> <NA>
SPEAKER Dickson Lau 0489_8330-60932183_202510210834009616 1   232.615   2.250 <NA> <NA> speaker_1 <NA> <NA>
SPEAKER Dickson Lau 0489_8330-60932183_202510210834009616 1   234.865   2.250 <NA> <NA> speaker_0 <NA> <NA>
SPEAKER Dickson Lau 0489_8330-60932183_202510210834009616 1   237.115   3.000 <NA> <NA> speaker_1 <NA> <NA>
SPEAKER Dickson Lau 0489_8330-60932183_202510210834009616 1   240.115   1.685 <NA> <NA> speaker_0 <NA> <NA>
SPEAKER Dickson Lau 0489_8330-60932183_202510210834009616 1   242.620   2.140 <NA> <NA> speaker_0 <NA> <NA>
SPEAKER Dickson Lau 0489_8330-60932183_202510210834009616 1   245.260   2.540 <NA> <NA> speaker_0 <NA> <NA>
SPEAKER Dickson Lau 0489_8330-60932183_202510210834009616 1   248.540   1.740 <NA> <NA> speaker_0 <NA> <NA>
SPEAKER Dickson Lau 0489_8330-60932183_202510210834009616 1   250.700   2.780 <NA> <NA> speaker_0 <NA> <NA>
SPEAKER Dickson Lau 0489_8330-60932183_202510210834009616 1   254.620   1.125 <NA> <NA> speaker_0 <NA> <NA>
SPEAKER Dickson Lau 0489_8330-60932183_202510210834009616 1   255.745   1.000 <NA> <NA> speaker_1 <NA> <NA>
SPEAKER Dickson Lau 0489_8330-60932183_202510210834009616 1   256.745   8.000 <NA> <NA> speaker_0 <NA> <NA>
SPEAKER Dickson Lau 0489_8330-60932183_202510210834009616 1   264.745   0.815 <NA> <NA> speaker_1 <NA> <NA>
SPEAKER Dickson Lau 0489_8330-60932183_202510210834009616 1   267.260   2.460 <NA> <NA> speaker_1 <NA> <NA>
SPEAKER Dickson Lau 0489_8330-60932183_202510210834009616 1   270.220   14.220 <NA> <NA> speaker_0 <NA> <NA>
SPEAKER Dickson Lau 0489_8330-60932183_202510210834009616 1   285.500   2.380 <NA> <NA> speaker_0 <NA> <NA>
SPEAKER Dickson Lau 0489_8330-60932183_202510210834009616 1   288.860   13.180 <NA> <NA> speaker_0 <NA> <NA>
SPEAKER Dickson Lau 0489_8330-60932183_202510210834009616 1   302.700   2.220 <NA> <NA> speaker_0 <NA> <NA>
SPEAKER Dickson Lau 0489_8330-60932183_202510210834009616 1   306.460   1.875 <NA> <NA> speaker_0 <NA> <NA>
SPEAKER Dickson Lau 0489_8330-60932183_202510210834009616 1   308.335   2.750 <NA> <NA> speaker_1 <NA> <NA>
SPEAKER Dickson Lau 0489_8330-60932183_202510210834009616 1   311.085   2.395 <NA> <NA> speaker_0 <NA> <NA>
SPEAKER Dickson Lau 0489_8330-60932183_202510210834009616 1   313.900   3.260 <NA> <NA> speaker_0 <NA> <NA>
SPEAKER Dickson Lau 0489_8330-60932183_202510210834009616 1   318.780   3.020 <NA> <NA> speaker_0 <NA> <NA>
SPEAKER Dickson Lau 0489_8330-60932183_202510210834009616 1   322.780   1.125 <NA> <NA> speaker_0 <NA> <NA>
SPEAKER Dickson Lau 0489_8330-60932183_202510210834009616 1   323.905   1.750 <NA> <NA> speaker_1 <NA> <NA>
SPEAKER Dickson Lau 0489_8330-60932183_202510210834009616 1   325.655   6.625 <NA> <NA> speaker_0 <NA> <NA>
SPEAKER Dickson Lau 0489_8330-60932183_202510210834009616 1   334.140   8.060 <NA> <NA> speaker_0 <NA> <NA>
SPEAKER Dickson Lau 0489_8330-60932183_202510210834009616 1   343.740   1.125 <NA> <NA> speaker_0 <NA> <NA>
SPEAKER Dickson Lau 0489_8330-60932183_202510210834009616 1   344.865   3.000 <NA> <NA> speaker_1 <NA> <NA>
SPEAKER Dickson Lau 0489_8330-60932183_202510210834009616 1   347.865   0.750 <NA> <NA> speaker_0 <NA> <NA>
SPEAKER Dickson Lau 0489_8330-60932183_202510210834009616 1   348.615   1.825 <NA> <NA> speaker_1 <NA> <NA>
SPEAKER Dickson Lau 0489_8330-60932183_202510210834009616 1   350.860   1.375 <NA> <NA> speaker_1 <NA> <NA>
SPEAKER Dickson Lau 0489_8330-60932183_202510210834009616 1   352.235   6.365 <NA> <NA> speaker_0 <NA> <NA>
SPEAKER Dickson Lau 0489_8330-60932183_202510210834009616 1   359.980   1.660 <NA> <NA> speaker_0 <NA> <NA>
SPEAKER Dickson Lau 0489_8330-60932183_202510210834009616 1   362.300   5.020 <NA> <NA> speaker_0 <NA> <NA>
SPEAKER Dickson Lau 0489_8330-60932183_202510210834009616 1   368.300   1.125 <NA> <NA> speaker_1 <NA> <NA>
SPEAKER Dickson Lau 0489_8330-60932183_202510210834009616 1   369.425   4.215 <NA> <NA> speaker_0 <NA> <NA>
SPEAKER Dickson Lau 0489_8330-60932183_202510210834009616 1   374.700   0.625 <NA> <NA> speaker_1 <NA> <NA>
SPEAKER Dickson Lau 0489_8330-60932183_202510210834009616 1   375.325   1.750 <NA> <NA> speaker_0 <NA> <NA>
SPEAKER Dickson Lau 0489_8330-60932183_202510210834009616 1   377.075   0.250 <NA> <NA> speaker_1 <NA> <NA>
SPEAKER Dickson Lau 0489_8330-60932183_202510210834009616 1   377.325   2.000 <NA> <NA> speaker_0 <NA> <NA>
SPEAKER Dickson Lau 0489_8330-60932183_202510210834009616 1   379.325   1.000 <NA> <NA> speaker_1 <NA> <NA>
SPEAKER Dickson Lau 0489_8330-60932183_202510210834009616 1   380.325   6.915 <NA> <NA> speaker_0 <NA> <NA>
SPEAKER Dickson Lau 0489_8330-60932183_202510210834009616 1   388.140   1.875 <NA> <NA> speaker_1 <NA> <NA>
SPEAKER Dickson Lau 0489_8330-60932183_202510210834009616 1   390.015   3.500 <NA> <NA> speaker_0 <NA> <NA>
SPEAKER Dickson Lau 0489_8330-60932183_202510210834009616 1   393.515   0.500 <NA> <NA> speaker_1 <NA> <NA>
SPEAKER Dickson Lau 0489_8330-60932183_202510210834009616 1   394.015   1.250 <NA> <NA> speaker_0 <NA> <NA>
SPEAKER Dickson Lau 0489_8330-60932183_202510210834009616 1   395.265   1.250 <NA> <NA> speaker_1 <NA> <NA>
SPEAKER Dickson Lau 0489_8330-60932183_202510210834009616 1   396.515   4.885 <NA> <NA> speaker_0 <NA> <NA>
SPEAKER Dickson Lau 0489_8330-60932183_202510210834009616 1   401.900   5.375 <NA> <NA> speaker_0 <NA> <NA>
SPEAKER Dickson Lau 0489_8330-60932183_202510210834009616 1   407.275   2.500 <NA> <NA> speaker_1 <NA> <NA>
SPEAKER Dickson Lau 0489_8330-60932183_202510210834009616 1   409.775   1.000 <NA> <NA> speaker_0 <NA> <NA>
SPEAKER Dickson Lau 0489_8330-60932183_202510210834009616 1   410.775   3.000 <NA> <NA> speaker_1 <NA> <NA>
SPEAKER Dickson Lau 0489_8330-60932183_202510210834009616 1   413.775   1.705 <NA> <NA> speaker_0 <NA> <NA>
SPEAKER Dickson Lau 0489_8330-60932183_202510210834009616 1   417.740   0.780 <NA> <NA> speaker_0 <NA> <NA>
SPEAKER Dickson Lau 0489_8330-60932183_202510210834009616 1   419.100   2.060 <NA> <NA> speaker_1 <NA> <NA>
SPEAKER Dickson Lau 0489_8330-60932183_202510210834009616 1   421.660   2.375 <NA> <NA> speaker_1 <NA> <NA>
SPEAKER Dickson Lau 0489_8330-60932183_202510210834009616 1   424.035   0.750 <NA> <NA> speaker_0 <NA> <NA>
SPEAKER Dickson Lau 0489_8330-60932183_202510210834009616 1   424.785   1.000 <NA> <NA> speaker_1 <NA> <NA>
SPEAKER Dickson Lau 0489_8330-60932183_202510210834009616 1   425.785   4.575 <NA> <NA> speaker_0 <NA> <NA>
SPEAKER Dickson Lau 0489_8330-60932183_202510210834009616 1   430.860   1.625 <NA> <NA> speaker_0 <NA> <NA>
SPEAKER Dickson Lau 0489_8330-60932183_202510210834009616 1   432.485   1.235 <NA> <NA> speaker_1 <NA> <NA>
SPEAKER Dickson Lau 0489_8330-60932183_202510210834009616 1   434.140   6.460 <NA> <NA> speaker_0 <NA> <NA>
SPEAKER Dickson Lau 0489_8330-60932183_202510210834009616 1   441.100   0.875 <NA> <NA> speaker_1 <NA> <NA>
SPEAKER Dickson Lau 0489_8330-60932183_202510210834009616 1   441.975   5.985 <NA> <NA> speaker_0 <NA> <NA>
SPEAKER Dickson Lau 0489_8330-60932183_202510210834009616 1   449.580   1.875 <NA> <NA> speaker_1 <NA> <NA>
SPEAKER Dickson Lau 0489_8330-60932183_202510210834009616 1   451.455   7.500 <NA> <NA> speaker_0 <NA> <NA>
SPEAKER Dickson Lau 0489_8330-60932183_202510210834009616 1   458.955   2.250 <NA> <NA> speaker_1 <NA> <NA>
SPEAKER Dickson Lau 0489_8330-60932183_202510210834009616 1   461.205   2.275 <NA> <NA> speaker_0 <NA> <NA>
SPEAKER Dickson Lau 0489_8330-60932183_202510210834009616 1   465.260   1.125 <NA> <NA> speaker_1 <NA> <NA>
SPEAKER Dickson Lau 0489_8330-60932183_202510210834009616 1   466.385   3.250 <NA> <NA> speaker_0 <NA> <NA>
SPEAKER Dickson Lau 0489_8330-60932183_202510210834009616 1   469.635   1.500 <NA> <NA> speaker_1 <NA> <NA>
SPEAKER Dickson Lau 0489_8330-60932183_202510210834009616 1   471.135   6.585 <NA> <NA> speaker_0 <NA> <NA>
SPEAKER Dickson Lau 0489_8330-60932183_202510210834009616 1   478.220   1.580 <NA> <NA> speaker_1 <NA> <NA>
SPEAKER Dickson Lau 0489_8330-60932183_202510210834009616 1   480.140   6.875 <NA> <NA> speaker_0 <NA> <NA>
SPEAKER Dickson Lau 0489_8330-60932183_202510210834009616 1   487.015   1.750 <NA> <NA> speaker_1 <NA> <NA>
SPEAKER Dickson Lau 0489_8330-60932183_202510210834009616 1   488.765   11.000 <NA> <NA> speaker_0 <NA> <NA>
SPEAKER Dickson Lau 0489_8330-60932183_202510210834009616 1   499.765   1.250 <NA> <NA> speaker_1 <NA> <NA>
SPEAKER Dickson Lau 0489_8330-60932183_202510210834009616 1   501.015   0.750 <NA> <NA> speaker_0 <NA> <NA>
SPEAKER Dickson Lau 0489_8330-60932183_202510210834009616 1   501.765   1.750 <NA> <NA> speaker_1 <NA> <NA>
SPEAKER Dickson Lau 0489_8330-60932183_202510210834009616 1   503.515   6.250 <NA> <NA> speaker_0 <NA> <NA>
SPEAKER Dickson Lau 0489_8330-60932183_202510210834009616 1   509.765   2.000 <NA> <NA> speaker_1 <NA> <NA>
SPEAKER Dickson Lau 0489_8330-60932183_202510210834009616 1   511.765   8.515 <NA> <NA> speaker_0 <NA> <NA>
SPEAKER Dickson Lau 0489_8330-60932183_202510210834009616 1   520.780   5.625 <NA> <NA> speaker_0 <NA> <NA>
SPEAKER Dickson Lau 0489_8330-60932183_202510210834009616 1   526.405   1.250 <NA> <NA> speaker_1 <NA> <NA>
SPEAKER Dickson Lau 0489_8330-60932183_202510210834009616 1   527.655   15.425 <NA> <NA> speaker_0 <NA> <NA>
SPEAKER Dickson Lau 0489_8330-60932183_202510210834009616 1   546.700   0.380 <NA> <NA> speaker_0 <NA> <NA>
SPEAKER Dickson Lau 0489_8330-60932183_202510210834009616 1   548.380   7.980 <NA> <NA> speaker_0 <NA> <NA>
SPEAKER Dickson Lau 0489_8330-60932183_202510210834009616 1   557.500   3.375 <NA> <NA> speaker_1 <NA> <NA>
SPEAKER Dickson Lau 0489_8330-60932183_202510210834009616 1   560.875   6.365 <NA> <NA> speaker_0 <NA> <NA>
SPEAKER Dickson Lau 0489_8330-60932183_202510210834009616 1   568.460   10.460 <NA> <NA> speaker_0 <NA> <NA>
SPEAKER Dickson Lau 0489_8330-60932183_202510210834009616 1   580.060   0.140 <NA> <NA> speaker_0 <NA> <NA>
SPEAKER Dickson Lau 0489_8330-60932183_202510210834009616 1   581.660   1.375 <NA> <NA> speaker_0 <NA> <NA>
SPEAKER Dickson Lau 0489_8330-60932183_202510210834009616 1   583.035   2.525 <NA> <NA> speaker_1 <NA> <NA>
SPEAKER Dickson Lau 0489_8330-60932183_202510210834009616 1   586.140   10.620 <NA> <NA> speaker_0 <NA> <NA>
SPEAKER Dickson Lau 0489_8330-60932183_202510210834009616 1   597.420   0.875 <NA> <NA> speaker_1 <NA> <NA>
SPEAKER Dickson Lau 0489_8330-60932183_202510210834009616 1   598.295   8.865 <NA> <NA> speaker_0 <NA> <NA>
SPEAKER Dickson Lau 0489_8330-60932183_202510210834009616 1   607.580   1.625 <NA> <NA> speaker_0 <NA> <NA>
SPEAKER Dickson Lau 0489_8330-60932183_202510210834009616 1   609.205   1.250 <NA> <NA> speaker_1 <NA> <NA>
SPEAKER Dickson Lau 0489_8330-60932183_202510210834009616 1   610.455   2.500 <NA> <NA> speaker_0 <NA> <NA>
SPEAKER Dickson Lau 0489_8330-60932183_202510210834009616 1   612.955   0.250 <NA> <NA> speaker_1 <NA> <NA>
SPEAKER Dickson Lau 0489_8330-60932183_202510210834009616 1   613.205   1.475 <NA> <NA> speaker_0 <NA> <NA>
SPEAKER Dickson Lau 0489_8330-60932183_202510210834009616 1   615.580   0.875 <NA> <NA> speaker_1 <NA> <NA>
SPEAKER Dickson Lau 0489_8330-60932183_202510210834009616 1   616.455   1.825 <NA> <NA> speaker_0 <NA> <NA>
SPEAKER Dickson Lau 0489_8330-60932183_202510210834009616 1   618.940   5.260 <NA> <NA> speaker_0 <NA> <NA>
SPEAKER Dickson Lau 0489_8330-60932183_202510210834009616 1   624.540   2.380 <NA> <NA> speaker_0 <NA> <NA>
SPEAKER Dickson Lau 0489_8330-60932183_202510210834009616 1   627.260   2.125 <NA> <NA> speaker_0 <NA> <NA>
SPEAKER Dickson Lau 0489_8330-60932183_202510210834009616 1   629.385   0.250 <NA> <NA> speaker_1 <NA> <NA>
SPEAKER Dickson Lau 0489_8330-60932183_202510210834009616 1   629.635   0.405 <NA> <NA> speaker_0 <NA> <NA>
SPEAKER Dickson Lau 0489_8330-60932183_202510210834009616 1   631.020   4.625 <NA> <NA> speaker_1 <NA> <NA>
SPEAKER Dickson Lau 0489_8330-60932183_202510210834009616 1   635.645   9.250 <NA> <NA> speaker_0 <NA> <NA>
SPEAKER Dickson Lau 0489_8330-60932183_202510210834009616 1   644.895   2.500 <NA> <NA> speaker_1 <NA> <NA>
SPEAKER Dickson Lau 0489_8330-60932183_202510210834009616 1   647.395   6.500 <NA> <NA> speaker_0 <NA> <NA>
SPEAKER Dickson Lau 0489_8330-60932183_202510210834009616 1   653.895   1.750 <NA> <NA> speaker_1 <NA> <NA>
SPEAKER Dickson Lau 0489_8330-60932183_202510210834009616 1   655.645   5.000 <NA> <NA> speaker_0 <NA> <NA>
SPEAKER Dickson Lau 0489_8330-60932183_202510210834009616 1   660.645   0.750 <NA> <NA> speaker_1 <NA> <NA>
SPEAKER Dickson Lau 0489_8330-60932183_202510210834009616 1   661.395   6.805 <NA> <NA> speaker_0 <NA> <NA>
SPEAKER Dickson Lau 0489_8330-60932183_202510210834009616 1   669.980   0.380 <NA> <NA> speaker_0 <NA> <NA>
SPEAKER Dickson Lau 0489_8330-60932183_202510210834009616 1   670.780   0.875 <NA> <NA> speaker_0 <NA> <NA>
SPEAKER Dickson Lau 0489_8330-60932183_202510210834009616 1   671.655   0.865 <NA> <NA> speaker_1 <NA> <NA>
SPEAKER Dickson Lau 0489_8330-60932183_202510210834009616 1   672.940   3.375 <NA> <NA> speaker_0 <NA> <NA>
SPEAKER Dickson Lau 0489_8330-60932183_202510210834009616 1   676.315   0.750 <NA> <NA> speaker_1 <NA> <NA>
SPEAKER Dickson Lau 0489_8330-60932183_202510210834009616 1   677.065   2.500 <NA> <NA> speaker_0 <NA> <NA>
SPEAKER Dickson Lau 0489_8330-60932183_202510210834009616 1   679.565   0.750 <NA> <NA> speaker_1 <NA> <NA>
SPEAKER Dickson Lau 0489_8330-60932183_202510210834009616 1   680.315   4.000 <NA> <NA> speaker_0 <NA> <NA>
SPEAKER Dickson Lau 0489_8330-60932183_202510210834009616 1   684.315   3.000 <NA> <NA> speaker_1 <NA> <NA>
SPEAKER Dickson Lau 0489_8330-60932183_202510210834009616 1   687.315   1.765 <NA> <NA> speaker_0 <NA> <NA>
SPEAKER Dickson Lau 0489_8330-60932183_202510210834009616 1   689.660   2.060 <NA> <NA> speaker_0 <NA> <NA>
SPEAKER Dickson Lau 0489_8330-60932183_202510210834009616 1   695.020   1.125 <NA> <NA> speaker_0 <NA> <NA>
SPEAKER Dickson Lau 0489_8330-60932183_202510210834009616 1   696.145   1.000 <NA> <NA> speaker_1 <NA> <NA>
SPEAKER Dickson Lau 0489_8330-60932183_202510210834009616 1   697.145   3.455 <NA> <NA> speaker_0 <NA> <NA>
SPEAKER Dickson Lau 0489_8330-60932183_202510210834009616 1   701.020   1.625 <NA> <NA> speaker_0 <NA> <NA>
SPEAKER Dickson Lau 0489_8330-60932183_202510210834009616 1   702.645   5.750 <NA> <NA> speaker_1 <NA> <NA>
SPEAKER Dickson Lau 0489_8330-60932183_202510210834009616 1   708.395   11.485 <NA> <NA> speaker_0 <NA> <NA>
SPEAKER Dickson Lau 0489_8330-60932183_202510210834009616 1   720.780   1.340 <NA> <NA> speaker_1 <NA> <NA>
SPEAKER Dickson Lau 0489_8330-60932183_202510210834009616 1   722.460   0.875 <NA> <NA> speaker_1 <NA> <NA>
SPEAKER Dickson Lau 0489_8330-60932183_202510210834009616 1   723.335   3.265 <NA> <NA> speaker_0 <NA> <NA>
SPEAKER Dickson Lau 0489_8330-60932183_202510210834009616 1   727.100   2.220 <NA> <NA> speaker_0 <NA> <NA>
SPEAKER Dickson Lau 0489_8330-60932183_202510210834009616 1   731.900   2.875 <NA> <NA> speaker_0 <NA> <NA>
SPEAKER Dickson Lau 0489_8330-60932183_202510210834009616 1   734.775   1.250 <NA> <NA> speaker_1 <NA> <NA>
SPEAKER Dickson Lau 0489_8330-60932183_202510210834009616 1   736.025   1.935 <NA> <NA> speaker_0 <NA> <NA>
SPEAKER Dickson Lau 0489_8330-60932183_202510210834009616 1   738.860   2.300 <NA> <NA> speaker_0 <NA> <NA>
SPEAKER Dickson Lau 0489_8330-60932183_202510210834009616 1   741.500   1.625 <NA> <NA> speaker_1 <NA> <NA>
SPEAKER Dickson Lau 0489_8330-60932183_202510210834009616 1   743.125   4.275 <NA> <NA> speaker_0 <NA> <NA>
SPEAKER Dickson Lau 0489_8330-60932183_202510210834009616 1   747.980   2.620 <NA> <NA> speaker_0 <NA> <NA>
SPEAKER Dickson Lau 0489_8330-60932183_202510210834009616 1   751.980   1.125 <NA> <NA> speaker_1 <NA> <NA>
SPEAKER Dickson Lau 0489_8330-60932183_202510210834009616 1   753.105   4.695 <NA> <NA> speaker_0 <NA> <NA>
SPEAKER Dickson Lau 0489_8330-60932183_202510210834009616 1   758.140   0.375 <NA> <NA> speaker_1 <NA> <NA>
SPEAKER Dickson Lau 0489_8330-60932183_202510210834009616 1   758.515   0.250 <NA> <NA> speaker_0 <NA> <NA>
SPEAKER Dickson Lau 0489_8330-60932183_202510210834009616 1   758.765   0.500 <NA> <NA> speaker_1 <NA> <NA>
SPEAKER Dickson Lau 0489_8330-60932183_202510210834009616 1   759.265   3.335 <NA> <NA> speaker_0 <NA> <NA>
SPEAKER Dickson Lau 0489_8330-60932183_202510210834009616 1   764.300   0.300 <NA> <NA> speaker_1 <NA> <NA>
SPEAKER Dickson Lau 0489_8330-60932183_202510210834009616 1   765.100   0.875 <NA> <NA> speaker_0 <NA> <NA>
SPEAKER Dickson Lau 0489_8330-60932183_202510210834009616 1   765.975   1.000 <NA> <NA> speaker_1 <NA> <NA>
SPEAKER Dickson Lau 0489_8330-60932183_202510210834009616 1   766.975   8.665 <NA> <NA> speaker_0 <NA> <NA>
SPEAKER Dickson Lau 0489_8330-60932183_202510210834009616 1   777.180   1.260 <NA> <NA> speaker_1 <NA> <NA>
SPEAKER Dickson Lau 0489_8330-60932183_202510210834009616 1   779.260   2.625 <NA> <NA> speaker_1 <NA> <NA>
SPEAKER Dickson Lau 0489_8330-60932183_202510210834009616 1   781.885   24.635 <NA> <NA> speaker_0 <NA> <NA>
SPEAKER Dickson Lau 0489_8330-60932183_202510210834009616 1   807.420   9.580 <NA> <NA> speaker_0 <NA> <NA>
SPEAKER Dickson Lau 0489_8330-60932183_202510210834009616 1   817.580   1.375 <NA> <NA> speaker_1 <NA> <NA>
SPEAKER Dickson Lau 0489_8330-60932183_202510210834009616 1   818.955   4.500 <NA> <NA> speaker_0 <NA> <NA>
SPEAKER Dickson Lau 0489_8330-60932183_202510210834009616 1   823.455   6.985 <NA> <NA> speaker_1 <NA> <NA>
SPEAKER Dickson Lau 0489_8330-60932183_202510210834009616 1   831.820   0.300 <NA> <NA> speaker_0 <NA> <NA>
SPEAKER Dickson Lau 0489_8330-60932183_202510210834009616 1   833.340   2.125 <NA> <NA> speaker_1 <NA> <NA>
SPEAKER Dickson Lau 0489_8330-60932183_202510210834009616 1   835.465   2.250 <NA> <NA> speaker_0 <NA> <NA>
SPEAKER Dickson Lau 0489_8330-60932183_202510210834009616 1   837.715   1.500 <NA> <NA> speaker_1 <NA> <NA>
SPEAKER Dickson Lau 0489_8330-60932183_202510210834009616 1   839.215   8.250 <NA> <NA> speaker_0 <NA> <NA>
SPEAKER Dickson Lau 0489_8330-60932183_202510210834009616 1   847.465   0.750 <NA> <NA> speaker_1 <NA> <NA>
SPEAKER Dickson Lau 0489_8330-60932183_202510210834009616 1   848.215   2.500 <NA> <NA> speaker_0 <NA> <NA>
SPEAKER Dickson Lau 0489_8330-60932183_202510210834009616 1   850.715   1.000 <NA> <NA> speaker_1 <NA> <NA>
SPEAKER Dickson Lau 0489_8330-60932183_202510210834009616 1   851.715   5.285 <NA> <NA> speaker_0 <NA> <NA>
SPEAKER Dickson Lau 0489_8330-60932183_202510210834009616 1   859.100   6.540 <NA> <NA> speaker_0 <NA> <NA>
SPEAKER Dickson Lau 0489_8330-60932183_202510210834009616 1   866.060   1.375 <NA> <NA> speaker_0 <NA> <NA>
SPEAKER Dickson Lau 0489_8330-60932183_202510210834009616 1   867.435   1.500 <NA> <NA> speaker_1 <NA> <NA>
SPEAKER Dickson Lau 0489_8330-60932183_202510210834009616 1   868.935   20.000 <NA> <NA> speaker_0 <NA> <NA>
SPEAKER Dickson Lau 0489_8330-60932183_202510210834009616 1   888.935   2.000 <NA> <NA> speaker_1 <NA> <NA>
SPEAKER Dickson Lau 0489_8330-60932183_202510210834009616 1   890.935   3.000 <NA> <NA> speaker_0 <NA> <NA>
SPEAKER Dickson Lau 0489_8330-60932183_202510210834009616 1   893.935   2.345 <NA> <NA> speaker_1 <NA> <NA>
SPEAKER Dickson Lau 0489_8330-60932183_202510210834009616 1   897.180   5.375 <NA> <NA> speaker_0 <NA> <NA>
SPEAKER Dickson Lau 0489_8330-60932183_202510210834009616 1   902.555   4.445 <NA> <NA> speaker_1 <NA> <NA>
SPEAKER Dickson Lau 0489_8330-60932183_202510210834009616 1   907.420   7.125 <NA> <NA> speaker_0 <NA> <NA>
SPEAKER Dickson Lau 0489_8330-60932183_202510210834009616 1   914.545   0.750 <NA> <NA> speaker_1 <NA> <NA>
SPEAKER Dickson Lau 0489_8330-60932183_202510210834009616 1   915.295   3.000 <NA> <NA> speaker_0 <NA> <NA>
SPEAKER Dickson Lau 0489_8330-60932183_202510210834009616 1   918.295   2.500 <NA> <NA> speaker_1 <NA> <NA>
SPEAKER Dickson Lau 0489_8330-60932183_202510210834009616 1   920.795   8.750 <NA> <NA> speaker_0 <NA> <NA>
SPEAKER Dickson Lau 0489_8330-60932183_202510210834009616 1   929.545   3.500 <NA> <NA> speaker_1 <NA> <NA>
SPEAKER Dickson Lau 0489_8330-60932183_202510210834009616 1   933.045   5.500 <NA> <NA> speaker_0 <NA> <NA>
SPEAKER Dickson Lau 0489_8330-60932183_202510210834009616 1   938.545   3.000 <NA> <NA> speaker_1 <NA> <NA>
SPEAKER Dickson Lau 0489_8330-60932183_202510210834009616 1   941.545   0.250 <NA> <NA> speaker_0 <NA> <NA>
SPEAKER Dickson Lau 0489_8330-60932183_202510210834009616 1   941.795   6.750 <NA> <NA> speaker_1 <NA> <NA>
SPEAKER Dickson Lau 0489_8330-60932183_202510210834009616 1   948.545   7.750 <NA> <NA> speaker_0 <NA> <NA>
SPEAKER Dickson Lau 0489_8330-60932183_202510210834009616 1   956.295   0.500 <NA> <NA> speaker_1 <NA> <NA>
SPEAKER Dickson Lau 0489_8330-60932183_202510210834009616 1   956.795   2.685 <NA> <NA> speaker_0 <NA> <NA>
SPEAKER Dickson Lau 0489_8330-60932183_202510210834009616 1   959.980   0.940 <NA> <NA> speaker_1 <NA> <NA>
SPEAKER Dickson Lau 0489_8330-60932183_202510210834009616 1   961.420   2.125 <NA> <NA> speaker_0 <NA> <NA>
SPEAKER Dickson Lau 0489_8330-60932183_202510210834009616 1   963.545   0.250 <NA> <NA> speaker_1 <NA> <NA>
SPEAKER Dickson Lau 0489_8330-60932183_202510210834009616 1   963.795   5.925 <NA> <NA> speaker_0 <NA> <NA>
SPEAKER Dickson Lau 0489_8330-60932183_202510210834009616 1   970.060   2.125 <NA> <NA> speaker_0 <NA> <NA>
SPEAKER Dickson Lau 0489_8330-60932183_202510210834009616 1   972.185   3.250 <NA> <NA> speaker_1 <NA> <NA>
SPEAKER Dickson Lau 0489_8330-60932183_202510210834009616 1   975.435   1.000 <NA> <NA> speaker_0 <NA> <NA>
SPEAKER Dickson Lau 0489_8330-60932183_202510210834009616 1   976.435   1.000 <NA> <NA> speaker_1 <NA> <NA>
SPEAKER Dickson Lau 0489_8330-60932183_202510210834009616 1   977.435   6.000 <NA> <NA> speaker_0 <NA> <NA>
SPEAKER Dickson Lau 0489_8330-60932183_202510210834009616 1   983.435   4.750 <NA> <NA> speaker_1 <NA> <NA>
SPEAKER Dickson Lau 0489_8330-60932183_202510210834009616 1   988.185   1.750 <NA> <NA> speaker_0 <NA> <NA>
SPEAKER Dickson Lau 0489_8330-60932183_202510210834009616 1   989.935   1.250 <NA> <NA> speaker_1 <NA> <NA>
SPEAKER Dickson Lau 0489_8330-60932183_202510210834009616 1   991.185   3.500 <NA> <NA> speaker_0 <NA> <NA>
SPEAKER Dickson Lau 0489_8330-60932183_202510210834009616 1   994.685   1.250 <NA> <NA> speaker_1 <NA> <NA>
SPEAKER Dickson Lau 0489_8330-60932183_202510210834009616 1   995.935   3.500 <NA> <NA> speaker_0 <NA> <NA>
SPEAKER Dickson Lau 0489_8330-60932183_202510210834009616 1   999.435   2.000 <NA> <NA> speaker_1 <NA> <NA>
SPEAKER Dickson Lau 0489_8330-60932183_202510210834009616 1   1001.435   30.685 <NA> <NA> speaker_0 <NA> <NA>
SPEAKER Dickson Lau 0489_8330-60932183_202510210834009616 1   1033.500   1.625 <NA> <NA> speaker_1 <NA> <NA>
SPEAKER Dickson Lau 0489_8330-60932183_202510210834009616 1   1035.125   10.750 <NA> <NA> speaker_0 <NA> <NA>
SPEAKER Dickson Lau 0489_8330-60932183_202510210834009616 1   1045.875   6.500 <NA> <NA> speaker_1 <NA> <NA>
SPEAKER Dickson Lau 0489_8330-60932183_202510210834009616 1   1052.375   14.500 <NA> <NA> speaker_0 <NA> <NA>
SPEAKER Dickson Lau 0489_8330-60932183_202510210834009616 1   1066.875   0.750 <NA> <NA> speaker_1 <NA> <NA>
SPEAKER Dickson Lau 0489_8330-60932183_202510210834009616 1   1067.625   14.250 <NA> <NA> speaker_0 <NA> <NA>
SPEAKER Dickson Lau 0489_8330-60932183_202510210834009616 1   1081.875   3.845 <NA> <NA> speaker_1 <NA> <NA>
SPEAKER Dickson Lau 0489_8330-60932183_202510210834009616 1   1086.140   0.375 <NA> <NA> speaker_1 <NA> <NA>
SPEAKER Dickson Lau 0489_8330-60932183_202510210834009616 1   1086.515   15.685 <NA> <NA> speaker_0 <NA> <NA>
SPEAKER Dickson Lau 0489_8330-60932183_202510210834009616 1   1103.180   6.380 <NA> <NA> speaker_0 <NA> <NA>
SPEAKER Dickson Lau 0489_8330-60932183_202510210834009616 1   1110.140   1.660 <NA> <NA> speaker_0 <NA> <NA>
SPEAKER Dickson Lau 0489_8330-60932183_202510210834009616 1   1112.220   4.625 <NA> <NA> speaker_0 <NA> <NA>
SPEAKER Dickson Lau 0489_8330-60932183_202510210834009616 1   1116.845   0.750 <NA> <NA> speaker_1 <NA> <NA>
SPEAKER Dickson Lau 0489_8330-60932183_202510210834009616 1   1117.595   10.500 <NA> <NA> speaker_0 <NA> <NA>
SPEAKER Dickson Lau 0489_8330-60932183_202510210834009616 1   1128.095   1.250 <NA> <NA> speaker_1 <NA> <NA>
SPEAKER Dickson Lau 0489_8330-60932183_202510210834009616 1   1129.345   1.500 <NA> <NA> speaker_0 <NA> <NA>
SPEAKER Dickson Lau 0489_8330-60932183_202510210834009616 1   1130.845   0.500 <NA> <NA> speaker_1 <NA> <NA>
SPEAKER Dickson Lau 0489_8330-60932183_202510210834009616 1   1131.345   4.775 <NA> <NA> speaker_0 <NA> <NA>
SPEAKER Dickson Lau 0489_8330-60932183_202510210834009616 1   1137.580   6.875 <NA> <NA> speaker_0 <NA> <NA>
SPEAKER Dickson Lau 0489_8330-60932183_202510210834009616 1   1144.455   1.250 <NA> <NA> speaker_1 <NA> <NA>
SPEAKER Dickson Lau 0489_8330-60932183_202510210834009616 1   1145.705   0.250 <NA> <NA> speaker_0 <NA> <NA>
SPEAKER Dickson Lau 0489_8330-60932183_202510210834009616 1   1145.955   0.500 <NA> <NA> speaker_1 <NA> <NA>
SPEAKER Dickson Lau 0489_8330-60932183_202510210834009616 1   1146.455   8.385 <NA> <NA> speaker_0 <NA> <NA>
SPEAKER Dickson Lau 0489_8330-60932183_202510210834009616 1   1155.980   4.540 <NA> <NA> speaker_0 <NA> <NA>
SPEAKER Dickson Lau 0489_8330-60932183_202510210834009616 1   1161.580   6.700 <NA> <NA> speaker_0 <NA> <NA>
SPEAKER Dickson Lau 0489_8330-60932183_202510210834009616 1   1169.020   1.420 <NA> <NA> speaker_0 <NA> <NA>
SPEAKER Dickson Lau 0489_8330-60932183_202510210834009616 1   1171.980   4.125 <NA> <NA> speaker_1 <NA> <NA>
SPEAKER Dickson Lau 0489_8330-60932183_202510210834009616 1   1176.105   4.335 <NA> <NA> speaker_0 <NA> <NA>
SPEAKER Dickson Lau 0489_8330-60932183_202510210834009616 1   1181.020   0.875 <NA> <NA> speaker_0 <NA> <NA>
SPEAKER Dickson Lau 0489_8330-60932183_202510210834009616 1   1181.895   0.500 <NA> <NA> speaker_1 <NA> <NA>
SPEAKER Dickson Lau 0489_8330-60932183_202510210834009616 1   1182.395   2.765 <NA> <NA> speaker_0 <NA> <NA>
SPEAKER Dickson Lau 0489_8330-60932183_202510210834009616 1   1187.020   2.375 <NA> <NA> speaker_1 <NA> <NA>
SPEAKER Dickson Lau 0489_8330-60932183_202510210834009616 1   1189.395   7.685 <NA> <NA> speaker_0 <NA> <NA>
SPEAKER Dickson Lau 0489_8330-60932183_202510210834009616 1   1198.620   2.940 <NA> <NA> speaker_0 <NA> <NA>
SPEAKER Dickson Lau 0489_8330-60932183_202510210834009616 1   1202.700   5.180 <NA> <NA> speaker_0 <NA> <NA>
SPEAKER Dickson Lau 0489_8330-60932183_202510210834009616 1   1208.780   4.860 <NA> <NA> speaker_0 <NA> <NA>
SPEAKER Dickson Lau 0489_8330-60932183_202510210834009616 1   1213.980   1.020 <NA> <NA> speaker_1 <NA> <NA>
SPEAKER Dickson Lau 0489_8330-60932183_202510210834009616 1   1216.220   2.375 <NA> <NA> speaker_1 <NA> <NA>
SPEAKER Dickson Lau 0489_8330-60932183_202510210834009616 1   1218.595   1.000 <NA> <NA> speaker_0 <NA> <NA>
SPEAKER Dickson Lau 0489_8330-60932183_202510210834009616 1   1219.595   1.405 <NA> <NA> speaker_1 <NA> <NA>
SPEAKER Dickson Lau 0489_8330-60932183_202510210834009616 1   1221.420   3.900 <NA> <NA> speaker_0 <NA> <NA>
SPEAKER Dickson Lau 0489_8330-60932183_202510210834009616 1   1226.140   8.460 <NA> <NA> speaker_0 <NA> <NA>
SPEAKER Dickson Lau 0489_8330-60932183_202510210834009616 1   1235.660   1.875 <NA> <NA> speaker_0 <NA> <NA>
SPEAKER Dickson Lau 0489_8330-60932183_202510210834009616 1   1237.535   4.185 <NA> <NA> speaker_1 <NA> <NA>
SPEAKER Dickson Lau 0489_8330-60932183_202510210834009616 1   1243.180   0.140 <NA> <NA> speaker_0 <NA> <NA>
SPEAKER Dickson Lau 0489_8330-60932183_202510210834009616 1   1244.380   1.375 <NA> <NA> speaker_1 <NA> <NA>
SPEAKER Dickson Lau 0489_8330-60932183_202510210834009616 1   1245.755   2.205 <NA> <NA> speaker_0 <NA> <NA>
SPEAKER Dickson Lau 0489_8330-60932183_202510210834009616 1   1248.300   0.875 <NA> <NA> speaker_1 <NA> <NA>
SPEAKER Dickson Lau 0489_8330-60932183_202510210834009616 1   1249.175   3.345 <NA> <NA> speaker_0 <NA> <NA>
SPEAKER Dickson Lau 0489_8330-60932183_202510210834009616 1   1253.020   5.100 <NA> <NA> speaker_0 <NA> <NA>
SPEAKER Dickson Lau 0489_8330-60932183_202510210834009616 1   1258.460   2.220 <NA> <NA> speaker_0 <NA> <NA>
SPEAKER Dickson Lau 0489_8330-60932183_202510210834009616 1   1262.460   6.125 <NA> <NA> speaker_1 <NA> <NA>
SPEAKER Dickson Lau 0489_8330-60932183_202510210834009616 1   1268.585   5.775 <NA> <NA> speaker_0 <NA> <NA>
SPEAKER Dickson Lau 0489_8330-60932183_202510210834009616 1   1275.020   2.380 <NA> <NA> speaker_0 <NA> <NA>
SPEAKER Dickson Lau 0489_8330-60932183_202510210834009616 1   1277.820   0.875 <NA> <NA> speaker_1 <NA> <NA>
SPEAKER Dickson Lau 0489_8330-60932183_202510210834009616 1   1278.695   10.865 <NA> <NA> speaker_0 <NA> <NA>
SPEAKER Dickson Lau 0489_8330-60932183_202510210834009616 1   1290.460   1.900 <NA> <NA> speaker_0 <NA> <NA>
SPEAKER Dickson Lau 0489_8330-60932183_202510210834009616 1   1293.260   1.125 <NA> <NA> speaker_0 <NA> <NA>
SPEAKER Dickson Lau 0489_8330-60932183_202510210834009616 1   1294.385   0.750 <NA> <NA> speaker_1 <NA> <NA>
SPEAKER Dickson Lau 0489_8330-60932183_202510210834009616 1   1295.135   7.705 <NA> <NA> speaker_0 <NA> <NA>
SPEAKER Dickson Lau 0489_8330-60932183_202510210834009616 1   1303.900   1.875 <NA> <NA> speaker_1 <NA> <NA>
SPEAKER Dickson Lau 0489_8330-60932183_202510210834009616 1   1305.775   33.305 <NA> <NA> speaker_0 <NA> <NA>
SPEAKER Dickson Lau 0489_8330-60932183_202510210834009616 1   1339.500   0.875 <NA> <NA> speaker_1 <NA> <NA>
SPEAKER Dickson Lau 0489_8330-60932183_202510210834009616 1   1340.375   9.025 <NA> <NA> speaker_0 <NA> <NA>
SPEAKER Dickson Lau 0489_8330-60932183_202510210834009616 1   1349.820   2.700 <NA> <NA> speaker_0 <NA> <NA>
SPEAKER Dickson Lau 0489_8330-60932183_202510210834009616 1   1353.100   2.875 <NA> <NA> speaker_0 <NA> <NA>
SPEAKER Dickson Lau 0489_8330-60932183_202510210834009616 1   1355.975   2.500 <NA> <NA> speaker_1 <NA> <NA>
SPEAKER Dickson Lau 0489_8330-60932183_202510210834009616 1   1358.475   5.725 <NA> <NA> speaker_0 <NA> <NA>
SPEAKER Dickson Lau 0489_8330-60932183_202510210834009616 1   1364.620   3.500 <NA> <NA> speaker_1 <NA> <NA>
SPEAKER Dickson Lau 0489_8330-60932183_202510210834009616 1   1368.940   2.125 <NA> <NA> speaker_0 <NA> <NA>
SPEAKER Dickson Lau 0489_8330-60932183_202510210834009616 1   1371.065   4.750 <NA> <NA> speaker_1 <NA> <NA>
SPEAKER Dickson Lau 0489_8330-60932183_202510210834009616 1   1375.815   2.250 <NA> <NA> speaker_0 <NA> <NA>
SPEAKER Dickson Lau 0489_8330-60932183_202510210834009616 1   1378.065   1.750 <NA> <NA> speaker_1 <NA> <NA>
SPEAKER Dickson Lau 0489_8330-60932183_202510210834009616 1   1379.815   7.505 <NA> <NA> speaker_0 <NA> <NA>
SPEAKER Dickson Lau 0489_8330-60932183_202510210834009616 1   1387.740   7.375 <NA> <NA> speaker_0 <NA> <NA>
SPEAKER Dickson Lau 0489_8330-60932183_202510210834009616 1   1395.115   2.000 <NA> <NA> speaker_1 <NA> <NA>
SPEAKER Dickson Lau 0489_8330-60932183_202510210834009616 1   1397.115   8.845 <NA> <NA> speaker_0 <NA> <NA>
SPEAKER Dickson Lau 0489_8330-60932183_202510210834009616 1   1407.340   9.625 <NA> <NA> speaker_0 <NA> <NA>
SPEAKER Dickson Lau 0489_8330-60932183_202510210834009616 1   1416.965   2.995 <NA> <NA> speaker_1 <NA> <NA>
SPEAKER Dickson Lau 0489_8330-60932183_202510210834009616 1   1420.780   2.875 <NA> <NA> speaker_1 <NA> <NA>
SPEAKER Dickson Lau 0489_8330-60932183_202510210834009616 1   1423.655   1.265 <NA> <NA> speaker_0 <NA> <NA>
SPEAKER Dickson Lau 0489_8330-60932183_202510210834009616 1   1425.340   7.740 <NA> <NA> speaker_0 <NA> <NA>
SPEAKER Dickson Lau 0489_8330-60932183_202510210834009616 1   1433.420   10.460 <NA> <NA> speaker_0 <NA> <NA>
SPEAKER Dickson Lau 0489_8330-60932183_202510210834009616 1   1444.460   4.875 <NA> <NA> speaker_0 <NA> <NA>
SPEAKER Dickson Lau 0489_8330-60932183_202510210834009616 1   1449.335   0.500 <NA> <NA> speaker_1 <NA> <NA>
SPEAKER Dickson Lau 0489_8330-60932183_202510210834009616 1   1449.835   0.250 <NA> <NA> speaker_0 <NA> <NA>
SPEAKER Dickson Lau 0489_8330-60932183_202510210834009616 1   1450.085   1.750 <NA> <NA> speaker_1 <NA> <NA>
SPEAKER Dickson Lau 0489_8330-60932183_202510210834009616 1   1451.835   0.250 <NA> <NA> speaker_0 <NA> <NA>
SPEAKER Dickson Lau 0489_8330-60932183_202510210834009616 1   1452.085   1.750 <NA> <NA> speaker_1 <NA> <NA>
SPEAKER Dickson Lau 0489_8330-60932183_202510210834009616 1   1453.835   1.000 <NA> <NA> speaker_0 <NA> <NA>
SPEAKER Dickson Lau 0489_8330-60932183_202510210834009616 1   1454.835   0.500 <NA> <NA> speaker_1 <NA> <NA>
SPEAKER Dickson Lau 0489_8330-60932183_202510210834009616 1   1455.335   9.825 <NA> <NA> speaker_0 <NA> <NA>
SPEAKER Dickson Lau 0489_8330-60932183_202510210834009616 1   1465.500   4.220 <NA> <NA> speaker_0 <NA> <NA>
SPEAKER Dickson Lau 0489_8330-60932183_202510210834009616 1   1470.060   4.125 <NA> <NA> speaker_0 <NA> <NA>
SPEAKER Dickson Lau 0489_8330-60932183_202510210834009616 1   1474.185   3.375 <NA> <NA> speaker_1 <NA> <NA>
SPEAKER Dickson Lau 0489_8330-60932183_202510210834009616 1   1477.900   4.540 <NA> <NA> speaker_1 <NA> <NA>
SPEAKER Dickson Lau 0489_8330-60932183_202510210834009616 1   1483.660   1.375 <NA> <NA> speaker_1 <NA> <NA>
SPEAKER Dickson Lau 0489_8330-60932183_202510210834009616 1   1485.035   6.250 <NA> <NA> speaker_0 <NA> <NA>
SPEAKER Dickson Lau 0489_8330-60932183_202510210834009616 1   1491.285   1.395 <NA> <NA> speaker_1 <NA> <NA>
SPEAKER Dickson Lau 0489_8330-60932183_202510210834009616 1   1493.020   1.820 <NA> <NA> speaker_1 <NA> <NA>
SPEAKER Dickson Lau 0489_8330-60932183_202510210834009616 1   1495.740   1.580 <NA> <NA> speaker_0 <NA> <NA>
SPEAKER Dickson Lau 0489_8330-60932183_202510210834009616 1   1497.820   0.875 <NA> <NA> speaker_1 <NA> <NA>
SPEAKER Dickson Lau 0489_8330-60932183_202510210834009616 1   1498.695   2.000 <NA> <NA> speaker_0 <NA> <NA>
SPEAKER Dickson Lau 0489_8330-60932183_202510210834009616 1   1500.695   9.500 <NA> <NA> speaker_1 <NA> <NA>
SPEAKER Dickson Lau 0489_8330-60932183_202510210834009616 1   1510.195   1.500 <NA> <NA> speaker_0 <NA> <NA>
SPEAKER Dickson Lau 0489_8330-60932183_202510210834009616 1   1511.695   4.500 <NA> <NA> speaker_1 <NA> <NA>
SPEAKER Dickson Lau 0489_8330-60932183_202510210834009616 1   1516.195   0.500 <NA> <NA> speaker_0 <NA> <NA>
SPEAKER Dickson Lau 0489_8330-60932183_202510210834009616 1   1516.695   1.750 <NA> <NA> speaker_1 <NA> <NA>
SPEAKER Dickson Lau 0489_8330-60932183_202510210834009616 1   1518.445   2.250 <NA> <NA> speaker_0 <NA> <NA>
SPEAKER Dickson Lau 0489_8330-60932183_202510210834009616 1   1520.695   3.250 <NA> <NA> speaker_1 <NA> <NA>
SPEAKER Dickson Lau 0489_8330-60932183_202510210834009616 1   1523.945   1.750 <NA> <NA> speaker_0 <NA> <NA>
SPEAKER Dickson Lau 0489_8330-60932183_202510210834009616 1   1525.695   0.500 <NA> <NA> speaker_1 <NA> <NA>
SPEAKER Dickson Lau 0489_8330-60932183_202510210834009616 1   1526.195   2.005 <NA> <NA> speaker_0 <NA> <NA>
SPEAKER Dickson Lau 0489_8330-60932183_202510210834009616 1   1528.780   8.300 <NA> <NA> speaker_0 <NA> <NA>
SPEAKER Dickson Lau 0489_8330-60932183_202510210834009616 1   1538.220   0.625 <NA> <NA> speaker_0 <NA> <NA>
SPEAKER Dickson Lau 0489_8330-60932183_202510210834009616 1   1538.845   5.750 <NA> <NA> speaker_1 <NA> <NA>
SPEAKER Dickson Lau 0489_8330-60932183_202510210834009616 1   1544.595   0.500 <NA> <NA> speaker_0 <NA> <NA>
SPEAKER Dickson Lau 0489_8330-60932183_202510210834009616 1   1545.095   1.185 <NA> <NA> speaker_1 <NA> <NA>
SPEAKER Dickson Lau 0489_8330-60932183_202510210834009616 1   1548.300   4.875 <NA> <NA> speaker_0 <NA> <NA>
SPEAKER Dickson Lau 0489_8330-60932183_202510210834009616 1   1553.175   4.945 <NA> <NA> speaker_1 <NA> <NA>
SPEAKER Dickson Lau 0489_8330-60932183_202510210834009616 1   1558.460   1.625 <NA> <NA> speaker_0 <NA> <NA>
SPEAKER Dickson Lau 0489_8330-60932183_202510210834009616 1   1560.085   0.500 <NA> <NA> speaker_1 <NA> <NA>
SPEAKER Dickson Lau 0489_8330-60932183_202510210834009616 1   1560.585   0.495 <NA> <NA> speaker_0 <NA> <NA>
SPEAKER Dickson Lau 0489_8330-60932183_202510210834009616 1   1562.540   2.540 <NA> <NA> speaker_0 <NA> <NA>
SPEAKER Dickson Lau 0489_8330-60932183_202510210834009616 1   1565.820   9.740 <NA> <NA> speaker_1 <NA> <NA>
SPEAKER Dickson Lau 0489_8330-60932183_202510210834009616 1   1576.860   0.875 <NA> <NA> speaker_0 <NA> <NA>
SPEAKER Dickson Lau 0489_8330-60932183_202510210834009616 1   1577.735   1.250 <NA> <NA> speaker_1 <NA> <NA>
SPEAKER Dickson Lau 0489_8330-60932183_202510210834009616 1   1578.985   1.135 <NA> <NA> speaker_0 <NA> <NA>
SPEAKER Dickson Lau 0489_8330-60932183_202510210834009616 1   1581.900   1.375 <NA> <NA> speaker_0 <NA> <NA>
SPEAKER Dickson Lau 0489_8330-60932183_202510210834009616 1   1583.275   0.365 <NA> <NA> speaker_1 <NA> <NA>
SPEAKER Dickson Lau 0489_8330-60932183_202510210834009616 1   1583.980   2.060 <NA> <NA> speaker_0 <NA> <NA>
SPEAKER Dickson Lau 0489_8330-60932183_202510210834009616 1   1587.100   1.420 <NA> <NA> speaker_1 <NA> <NA>
SPEAKER Dickson Lau 0489_8330-60932183_202510210834009616 1   1589.260   3.740 <NA> <NA> speaker_0 <NA> <NA>
SPEAKER Dickson Lau 0489_8330-60932183_202510210834009616 1   1593.500   2.375 <NA> <NA> speaker_1 <NA> <NA>
SPEAKER Dickson Lau 0489_8330-60932183_202510210834009616 1   1595.875   3.205 <NA> <NA> speaker_0 <NA> <NA>
SPEAKER Dickson Lau 0489_8330-60932183_202510210834009616 1   1599.980   19.820 <NA> <NA> speaker_0 <NA> <NA>
SPEAKER Dickson Lau 0489_8330-60932183_202510210834009616 1   1620.860   14.620 <NA> <NA> speaker_0 <NA> <NA>
SPEAKER Dickson Lau 0489_8330-60932183_202510210834009616 1   1635.980   0.860 <NA> <NA> speaker_0 <NA> <NA>
SPEAKER Dickson Lau 0489_8330-60932183_202510210834009616 1   1637.340   2.780 <NA> <NA> speaker_1 <NA> <NA>
SPEAKER Dickson Lau 0489_8330-60932183_202510210834009616 1   1640.940   1.820 <NA> <NA> speaker_0 <NA> <NA>
SPEAKER Dickson Lau 0489_8330-60932183_202510210834009616 1   1643.980   1.260 <NA> <NA> speaker_0 <NA> <NA>
SPEAKER Dickson Lau 0489_8330-60932183_202510210834009616 1   1648.060   1.375 <NA> <NA> speaker_0 <NA> <NA>
SPEAKER Dickson Lau 0489_8330-60932183_202510210834009616 1   1649.435   4.500 <NA> <NA> speaker_1 <NA> <NA>
SPEAKER Dickson Lau 0489_8330-60932183_202510210834009616 1   1653.935   10.985 <NA> <NA> speaker_0 <NA> <NA>
SPEAKER Dickson Lau 0489_8330-60932183_202510210834009616 1   1665.500   0.860 <NA> <NA> speaker_0 <NA> <NA>
SPEAKER Dickson Lau 0489_8330-60932183_202510210834009616 1   1667.900   1.375 <NA> <NA> speaker_1 <NA> <NA>
SPEAKER Dickson Lau 0489_8330-60932183_202510210834009616 1   1669.275   1.725 <NA> <NA> speaker_0 <NA> <NA>
SPEAKER Dickson Lau 0489_8330-60932183_202510210834009616 1   1671.580   1.820 <NA> <NA> speaker_0 <NA> <NA>
SPEAKER Dickson Lau 0489_8330-60932183_202510210834009616 1   1673.740   0.875 <NA> <NA> speaker_0 <NA> <NA>
SPEAKER Dickson Lau 0489_8330-60932183_202510210834009616 1   1674.615   0.750 <NA> <NA> speaker_1 <NA> <NA>
SPEAKER Dickson Lau 0489_8330-60932183_202510210834009616 1   1675.365   2.750 <NA> <NA> speaker_0 <NA> <NA>
SPEAKER Dickson Lau 0489_8330-60932183_202510210834009616 1   1678.115   1.000 <NA> <NA> speaker_1 <NA> <NA>
SPEAKER Dickson Lau 0489_8330-60932183_202510210834009616 1   1679.115   1.250 <NA> <NA> speaker_0 <NA> <NA>
SPEAKER Dickson Lau 0489_8330-60932183_202510210834009616 1   1680.365   0.750 <NA> <NA> speaker_1 <NA> <NA>
SPEAKER Dickson Lau 0489_8330-60932183_202510210834009616 1   1681.115   0.205 <NA> <NA> speaker_0 <NA> <NA>
SPEAKER Dickson Lau 0489_8330-60932183_202510210834009616 1   1682.860   7.020 <NA> <NA> speaker_0 <NA> <NA>
SPEAKER Dickson Lau 0489_8330-60932183_202510210834009616 1   1690.460   0.875 <NA> <NA> speaker_1 <NA> <NA>
SPEAKER Dickson Lau 0489_8330-60932183_202510210834009616 1   1691.335   2.465 <NA> <NA> speaker_0 <NA> <NA>
SPEAKER Dickson Lau 0489_8330-60932183_202510210834009616 1   1694.780   1.875 <NA> <NA> speaker_1 <NA> <NA>
SPEAKER Dickson Lau 0489_8330-60932183_202510210834009616 1   1696.655   2.905 <NA> <NA> speaker_0 <NA> <NA>
SPEAKER Dickson Lau 0489_8330-60932183_202510210834009616 1   1700.380   10.875 <NA> <NA> speaker_0 <NA> <NA>
SPEAKER Dickson Lau 0489_8330-60932183_202510210834009616 1   1711.255   0.500 <NA> <NA> speaker_1 <NA> <NA>
SPEAKER Dickson Lau 0489_8330-60932183_202510210834009616 1   1711.755   4.500 <NA> <NA> speaker_0 <NA> <NA>
SPEAKER Dickson Lau 0489_8330-60932183_202510210834009616 1   1716.255   4.250 <NA> <NA> speaker_1 <NA> <NA>
SPEAKER Dickson Lau 0489_8330-60932183_202510210834009616 1   1720.505   23.535 <NA> <NA> speaker_0 <NA> <NA>
SPEAKER Dickson Lau 0489_8330-60932183_202510210834009616 1   1744.940   14.700 <NA> <NA> speaker_0 <NA> <NA>
SPEAKER Dickson Lau 0489_8330-60932183_202510210834009616 1   1759.980   2.780 <NA> <NA> speaker_0 <NA> <NA>
SPEAKER Dickson Lau 0489_8330-60932183_202510210834009616 1   1763.180   4.875 <NA> <NA> speaker_0 <NA> <NA>
SPEAKER Dickson Lau 0489_8330-60932183_202510210834009616 1   1768.055   2.250 <NA> <NA> speaker_1 <NA> <NA>
SPEAKER Dickson Lau 0489_8330-60932183_202510210834009616 1   1770.305   5.015 <NA> <NA> speaker_0 <NA> <NA>
SPEAKER Dickson Lau 0489_8330-60932183_202510210834009616 1   1776.060   8.860 <NA> <NA> speaker_0 <NA> <NA>
SPEAKER Dickson Lau 0489_8330-60932183_202510210834009616 1   1785.340   5.125 <NA> <NA> speaker_0 <NA> <NA>
SPEAKER Dickson Lau 0489_8330-60932183_202510210834009616 1   1790.465   0.750 <NA> <NA> speaker_1 <NA> <NA>
SPEAKER Dickson Lau 0489_8330-60932183_202510210834009616 1   1791.215   6.505 <NA> <NA> speaker_0 <NA> <NA>
SPEAKER Dickson Lau 0489_8330-60932183_202510210834009616 1   1798.060   6.860 <NA> <NA> speaker_0 <NA> <NA>
SPEAKER Dickson Lau 0489_8330-60932183_202510210834009616 1   1805.500   2.875 <NA> <NA> speaker_1 <NA> <NA>
SPEAKER Dickson Lau 0489_8330-60932183_202510210834009616 1   1808.375   1.985 <NA> <NA> speaker_0 <NA> <NA>
SPEAKER Dickson Lau 0489_8330-60932183_202510210834009616 1   1810.780   1.375 <NA> <NA> speaker_1 <NA> <NA>
SPEAKER Dickson Lau 0489_8330-60932183_202510210834009616 1   1812.155   8.250 <NA> <NA> speaker_0 <NA> <NA>
SPEAKER Dickson Lau 0489_8330-60932183_202510210834009616 1   1820.405   1.250 <NA> <NA> speaker_1 <NA> <NA>
SPEAKER Dickson Lau 0489_8330-60932183_202510210834009616 1   1821.655   2.385 <NA> <NA> speaker_0 <NA> <NA>
SPEAKER Dickson Lau 0489_8330-60932183_202510210834009616 1   1824.620   1.625 <NA> <NA> speaker_1 <NA> <NA>
SPEAKER Dickson Lau 0489_8330-60932183_202510210834009616 1   1826.245   3.750 <NA> <NA> speaker_0 <NA> <NA>
SPEAKER Dickson Lau 0489_8330-60932183_202510210834009616 1   1829.995   0.500 <NA> <NA> speaker_1 <NA> <NA>
SPEAKER Dickson Lau 0489_8330-60932183_202510210834009616 1   1830.495   1.945 <NA> <NA> speaker_0 <NA> <NA>
SPEAKER Dickson Lau 0489_8330-60932183_202510210834009616 1   1832.780   1.625 <NA> <NA> speaker_0 <NA> <NA>
SPEAKER Dickson Lau 0489_8330-60932183_202510210834009616 1   1834.405   2.195 <NA> <NA> speaker_1 <NA> <NA>
SPEAKER Dickson Lau 0489_8330-60932183_202510210834009616 1   1837.180   17.875 <NA> <NA> speaker_0 <NA> <NA>
SPEAKER Dickson Lau 0489_8330-60932183_202510210834009616 1   1855.055   2.250 <NA> <NA> speaker_1 <NA> <NA>
SPEAKER Dickson Lau 0489_8330-60932183_202510210834009616 1   1857.305   10.750 <NA> <NA> speaker_0 <NA> <NA>
SPEAKER Dickson Lau 0489_8330-60932183_202510210834009616 1   1868.055   3.250 <NA> <NA> speaker_1 <NA> <NA>
SPEAKER Dickson Lau 0489_8330-60932183_202510210834009616 1   1871.305   1.250 <NA> <NA> speaker_0 <NA> <NA>
SPEAKER Dickson Lau 0489_8330-60932183_202510210834009616 1   1872.555   3.000 <NA> <NA> speaker_1 <NA> <NA>
SPEAKER Dickson Lau 0489_8330-60932183_202510210834009616 1   1875.555   1.000 <NA> <NA> speaker_0 <NA> <NA>
SPEAKER Dickson Lau 0489_8330-60932183_202510210834009616 1   1876.555   4.205 <NA> <NA> speaker_1 <NA> <NA>
SPEAKER Dickson Lau 0489_8330-60932183_202510210834009616 1   1881.100   10.875 <NA> <NA> speaker_0 <NA> <NA>
SPEAKER Dickson Lau 0489_8330-60932183_202510210834009616 1   1891.975   10.000 <NA> <NA> speaker_1 <NA> <NA>
SPEAKER Dickson Lau 0489_8330-60932183_202510210834009616 1   1901.975   3.750 <NA> <NA> speaker_0 <NA> <NA>
SPEAKER Dickson Lau 0489_8330-60932183_202510210834009616 1   1905.725   1.250 <NA> <NA> speaker_1 <NA> <NA>
SPEAKER Dickson Lau 0489_8330-60932183_202510210834009616 1   1906.975   1.500 <NA> <NA> speaker_0 <NA> <NA>
SPEAKER Dickson Lau 0489_8330-60932183_202510210834009616 1   1908.475   2.250 <NA> <NA> speaker_1 <NA> <NA>
SPEAKER Dickson Lau 0489_8330-60932183_202510210834009616 1   1910.725   3.250 <NA> <NA> speaker_0 <NA> <NA>
SPEAKER Dickson Lau 0489_8330-60932183_202510210834009616 1   1913.975   0.500 <NA> <NA> speaker_1 <NA> <NA>
SPEAKER Dickson Lau 0489_8330-60932183_202510210834009616 1   1914.475   9.250 <NA> <NA> speaker_0 <NA> <NA>
SPEAKER Dickson Lau 0489_8330-60932183_202510210834009616 1   1923.725   2.250 <NA> <NA> speaker_1 <NA> <NA>
SPEAKER Dickson Lau 0489_8330-60932183_202510210834009616 1   1925.975   17.985 <NA> <NA> speaker_0 <NA> <NA>
SPEAKER Dickson Lau 0489_8330-60932183_202510210834009616 1   1944.460   7.125 <NA> <NA> speaker_0 <NA> <NA>
SPEAKER Dickson Lau 0489_8330-60932183_202510210834009616 1   1951.585   0.750 <NA> <NA> speaker_1 <NA> <NA>
SPEAKER Dickson Lau 0489_8330-60932183_202510210834009616 1   1952.335   18.505 <NA> <NA> speaker_0 <NA> <NA>
SPEAKER Dickson Lau 0489_8330-60932183_202510210834009616 1   1971.340   5.625 <NA> <NA> speaker_0 <NA> <NA>
SPEAKER Dickson Lau 0489_8330-60932183_202510210834009616 1   1976.965   3.000 <NA> <NA> speaker_1 <NA> <NA>
SPEAKER Dickson Lau 0489_8330-60932183_202510210834009616 1   1979.965   6.000 <NA> <NA> speaker_0 <NA> <NA>
SPEAKER Dickson Lau 0489_8330-60932183_202510210834009616 1   1985.965   1.000 <NA> <NA> speaker_1 <NA> <NA>
SPEAKER Dickson Lau 0489_8330-60932183_202510210834009616 1   1986.965   2.750 <NA> <NA> speaker_0 <NA> <NA>
SPEAKER Dickson Lau 0489_8330-60932183_202510210834009616 1   1989.715   1.500 <NA> <NA> speaker_1 <NA> <NA>
SPEAKER Dickson Lau 0489_8330-60932183_202510210834009616 1   1991.215   1.000 <NA> <NA> speaker_0 <NA> <NA>
SPEAKER Dickson Lau 0489_8330-60932183_202510210834009616 1   1992.215   0.750 <NA> <NA> speaker_1 <NA> <NA>
SPEAKER Dickson Lau 0489_8330-60932183_202510210834009616 1   1992.965   2.750 <NA> <NA> speaker_0 <NA> <NA>
SPEAKER Dickson Lau 0489_8330-60932183_202510210834009616 1   1995.715   1.750 <NA> <NA> speaker_1 <NA> <NA>
SPEAKER Dickson Lau 0489_8330-60932183_202510210834009616 1   1997.465   3.750 <NA> <NA> speaker_0 <NA> <NA>
SPEAKER Dickson Lau 0489_8330-60932183_202510210834009616 1   2001.215   1.000 <NA> <NA> speaker_1 <NA> <NA>
SPEAKER Dickson Lau 0489_8330-60932183_202510210834009616 1   2002.215   3.250 <NA> <NA> speaker_0 <NA> <NA>
SPEAKER Dickson Lau 0489_8330-60932183_202510210834009616 1   2005.465   2.250 <NA> <NA> speaker_1 <NA> <NA>
SPEAKER Dickson Lau 0489_8330-60932183_202510210834009616 1   2007.715   1.250 <NA> <NA> speaker_0 <NA> <NA>
SPEAKER Dickson Lau 0489_8330-60932183_202510210834009616 1   2008.965   0.750 <NA> <NA> speaker_1 <NA> <NA>
SPEAKER Dickson Lau 0489_8330-60932183_202510210834009616 1   2009.715   5.750 <NA> <NA> speaker_0 <NA> <NA>
SPEAKER Dickson Lau 0489_8330-60932183_202510210834009616 1   2015.465   0.250 <NA> <NA> speaker_1 <NA> <NA>
SPEAKER Dickson Lau 0489_8330-60932183_202510210834009616 1   2015.715   0.250 <NA> <NA> speaker_0 <NA> <NA>
SPEAKER Dickson Lau 0489_8330-60932183_202510210834009616 1   2015.965   5.250 <NA> <NA> speaker_1 <NA> <NA>
SPEAKER Dickson Lau 0489_8330-60932183_202510210834009616 1   2021.215   1.750 <NA> <NA> speaker_0 <NA> <NA>
SPEAKER Dickson Lau 0489_8330-60932183_202510210834009616 1   2022.965   0.750 <NA> <NA> speaker_1 <NA> <NA>
SPEAKER Dickson Lau 0489_8330-60932183_202510210834009616 1   2023.715   4.500 <NA> <NA> speaker_0 <NA> <NA>
SPEAKER Dickson Lau 0489_8330-60932183_202510210834009616 1   2028.215   1.000 <NA> <NA> speaker_1 <NA> <NA>
SPEAKER Dickson Lau 0489_8330-60932183_202510210834009616 1   2029.215   30.000 <NA> <NA> speaker_0 <NA> <NA>
SPEAKER Dickson Lau 0489_8330-60932183_202510210834009616 1   2059.215   0.500 <NA> <NA> speaker_1 <NA> <NA>
SPEAKER Dickson Lau 0489_8330-60932183_202510210834009616 1   2059.715   7.000 <NA> <NA> speaker_0 <NA> <NA>
SPEAKER Dickson Lau 0489_8330-60932183_202510210834009616 1   2066.715   1.500 <NA> <NA> speaker_1 <NA> <NA>
SPEAKER Dickson Lau 0489_8330-60932183_202510210834009616 1   2068.215   1.500 <NA> <NA> speaker_0 <NA> <NA>
SPEAKER Dickson Lau 0489_8330-60932183_202510210834009616 1   2069.715   1.205 <NA> <NA> speaker_1 <NA> <NA>
",136.48557209968567,506,1,<NA>,2025-10-27 16:48:46
Dickson Lau 0489_8330-91563963_2025100901541713606.wav,"SPEAKER Dickson Lau 0489_8330-91563963_2025100901541713606 1   0.540   1.875 <NA> <NA> speaker_1 <NA> <NA>
SPEAKER Dickson Lau 0489_8330-91563963_2025100901541713606 1   2.415   5.250 <NA> <NA> speaker_0 <NA> <NA>
SPEAKER Dickson Lau 0489_8330-91563963_2025100901541713606 1   7.665   3.750 <NA> <NA> speaker_1 <NA> <NA>
SPEAKER Dickson Lau 0489_8330-91563963_2025100901541713606 1   11.415   3.750 <NA> <NA> speaker_0 <NA> <NA>
SPEAKER Dickson Lau 0489_8330-91563963_2025100901541713606 1   15.165   8.555 <NA> <NA> speaker_1 <NA> <NA>
SPEAKER Dickson Lau 0489_8330-91563963_2025100901541713606 1   24.140   1.875 <NA> <NA> speaker_0 <NA> <NA>
SPEAKER Dickson Lau 0489_8330-91563963_2025100901541713606 1   26.015   1.465 <NA> <NA> speaker_1 <NA> <NA>
SPEAKER Dickson Lau 0489_8330-91563963_2025100901541713606 1   27.820   2.125 <NA> <NA> speaker_1 <NA> <NA>
SPEAKER Dickson Lau 0489_8330-91563963_2025100901541713606 1   29.945   5.775 <NA> <NA> speaker_0 <NA> <NA>
",5.588919162750244,9,1,<NA>,2025-10-27 18:01:53
Dickson Lau 0489_8330-91563963_2025100903545215727.wav,"SPEAKER Dickson Lau 0489_8330-91563963_2025100903545215727 1   0.300   2.125 <NA> <NA> speaker_0 <NA> <NA>
SPEAKER Dickson Lau 0489_8330-91563963_2025100903545215727 1   2.425   4.500 <NA> <NA> speaker_1 <NA> <NA>
SPEAKER Dickson Lau 0489_8330-91563963_2025100903545215727 1   6.925   1.250 <NA> <NA> speaker_0 <NA> <NA>
SPEAKER Dickson Lau 0489_8330-91563963_2025100903545215727 1   8.175   2.985 <NA> <NA> speaker_1 <NA> <NA>
SPEAKER Dickson Lau 0489_8330-91563963_2025100903545215727 1   11.500   2.875 <NA> <NA> speaker_0 <NA> <NA>
SPEAKER Dickson Lau 0489_8330-91563963_2025100903545215727 1   14.375   2.705 <NA> <NA> speaker_1 <NA> <NA>
SPEAKER Dickson Lau 0489_8330-91563963_2025100903545215727 1   17.740   1.420 <NA> <NA> speaker_0 <NA> <NA>
SPEAKER Dickson Lau 0489_8330-91563963_2025100903545215727 1   19.820   0.875 <NA> <NA> speaker_1 <NA> <NA>
SPEAKER Dickson Lau 0489_8330-91563963_2025100903545215727 1   20.695   2.500 <NA> <NA> speaker_0 <NA> <NA>
SPEAKER Dickson Lau 0489_8330-91563963_2025100903545215727 1   23.195   1.750 <NA> <NA> speaker_1 <NA> <NA>
SPEAKER Dickson Lau 0489_8330-91563963_2025100903545215727 1   24.945   0.535 <NA> <NA> speaker_0 <NA> <NA>
SPEAKER Dickson Lau 0489_8330-91563963_2025100903545215727 1   26.300   2.125 <NA> <NA> speaker_0 <NA> <NA>
SPEAKER Dickson Lau 0489_8330-91563963_2025100903545215727 1   28.425   1.250 <NA> <NA> speaker_1 <NA> <NA>
SPEAKER Dickson Lau 0489_8330-91563963_2025100903545215727 1   29.675   1.500 <NA> <NA> speaker_0 <NA> <NA>
SPEAKER Dickson Lau 0489_8330-91563963_2025100903545215727 1   31.175   1.425 <NA> <NA> speaker_1 <NA> <NA>
",4.908924102783203,15,1,<NA>,2025-10-27 18:14:48
Dickson Lau 0489_8330-62121788_2025101001455120997.wav,"SPEAKER Dickson Lau 0489_8330-62121788_2025101001455120997 1   0.060   3.375 <NA> <NA> speaker_0 <NA> <NA>
SPEAKER Dickson Lau 0489_8330-62121788_2025101001455120997 1   3.435   1.250 <NA> <NA> speaker_1 <NA> <NA>
SPEAKER Dickson Lau 0489_8330-62121788_2025101001455120997 1   4.685   3.250 <NA> <NA> speaker_0 <NA> <NA>
SPEAKER Dickson Lau 0489_8330-62121788_2025101001455120997 1   7.935   3.945 <NA> <NA> speaker_1 <NA> <NA>
SPEAKER Dickson Lau 0489_8330-62121788_2025101001455120997 1   12.540   4.375 <NA> <NA> speaker_1 <NA> <NA>
SPEAKER Dickson Lau 0489_8330-62121788_2025101001455120997 1   16.915   2.750 <NA> <NA> speaker_0 <NA> <NA>
SPEAKER Dickson Lau 0489_8330-62121788_2025101001455120997 1   19.665   2.750 <NA> <NA> speaker_1 <NA> <NA>
SPEAKER Dickson Lau 0489_8330-62121788_2025101001455120997 1   22.415   1.145 <NA> <NA> speaker_0 <NA> <NA>
SPEAKER Dickson Lau 0489_8330-62121788_2025101001455120997 1   24.060   1.375 <NA> <NA> speaker_1 <NA> <NA>
SPEAKER Dickson Lau 0489_8330-62121788_2025101001455120997 1   25.435   7.250 <NA> <NA> speaker_0 <NA> <NA>
SPEAKER Dickson Lau 0489_8330-62121788_2025101001455120997 1   32.685   1.750 <NA> <NA> speaker_1 <NA> <NA>
SPEAKER Dickson Lau 0489_8330-62121788_2025101001455120997 1   34.435   1.750 <NA> <NA> speaker_0 <NA> <NA>
SPEAKER Dickson Lau 0489_8330-62121788_2025101001455120997 1   36.185   1.535 <NA> <NA> speaker_1 <NA> <NA>
SPEAKER Dickson Lau 0489_8330-62121788_2025101001455120997 1   38.300   3.420 <NA> <NA> speaker_0 <NA> <NA>
SPEAKER Dickson Lau 0489_8330-62121788_2025101001455120997 1   42.460   2.300 <NA> <NA> speaker_0 <NA> <NA>
SPEAKER Dickson Lau 0489_8330-62121788_2025101001455120997 1   45.340   3.500 <NA> <NA> speaker_0 <NA> <NA>
SPEAKER Dickson Lau 0489_8330-62121788_2025101001455120997 1   50.620   2.375 <NA> <NA> speaker_0 <NA> <NA>
SPEAKER Dickson Lau 0489_8330-62121788_2025101001455120997 1   52.995   1.125 <NA> <NA> speaker_1 <NA> <NA>
SPEAKER Dickson Lau 0489_8330-62121788_2025101001455120997 1   55.020   1.740 <NA> <NA> speaker_0 <NA> <NA>
SPEAKER Dickson Lau 0489_8330-62121788_2025101001455120997 1   57.340   4.875 <NA> <NA> speaker_0 <NA> <NA>
SPEAKER Dickson Lau 0489_8330-62121788_2025101001455120997 1   62.215   5.250 <NA> <NA> speaker_1 <NA> <NA>
SPEAKER Dickson Lau 0489_8330-62121788_2025101001455120997 1   67.465   9.135 <NA> <NA> speaker_0 <NA> <NA>
SPEAKER Dickson Lau 0489_8330-62121788_2025101001455120997 1   77.660   7.740 <NA> <NA> speaker_1 <NA> <NA>
SPEAKER Dickson Lau 0489_8330-62121788_2025101001455120997 1   85.900   1.900 <NA> <NA> speaker_0 <NA> <NA>
SPEAKER Dickson Lau 0489_8330-62121788_2025101001455120997 1   89.020   0.625 <NA> <NA> speaker_1 <NA> <NA>
SPEAKER Dickson Lau 0489_8330-62121788_2025101001455120997 1   89.645   4.500 <NA> <NA> speaker_0 <NA> <NA>
SPEAKER Dickson Lau 0489_8330-62121788_2025101001455120997 1   94.145   0.750 <NA> <NA> speaker_1 <NA> <NA>
SPEAKER Dickson Lau 0489_8330-62121788_2025101001455120997 1   94.895   2.750 <NA> <NA> speaker_0 <NA> <NA>
SPEAKER Dickson Lau 0489_8330-62121788_2025101001455120997 1   97.645   1.250 <NA> <NA> speaker_1 <NA> <NA>
SPEAKER Dickson Lau 0489_8330-62121788_2025101001455120997 1   98.895   0.265 <NA> <NA> speaker_0 <NA> <NA>
SPEAKER Dickson Lau 0489_8330-62121788_2025101001455120997 1   99.660   2.540 <NA> <NA> speaker_0 <NA> <NA>
SPEAKER Dickson Lau 0489_8330-62121788_2025101001455120997 1   102.540   5.125 <NA> <NA> speaker_1 <NA> <NA>
SPEAKER Dickson Lau 0489_8330-62121788_2025101001455120997 1   107.665   2.250 <NA> <NA> speaker_0 <NA> <NA>
SPEAKER Dickson Lau 0489_8330-62121788_2025101001455120997 1   109.915   2.525 <NA> <NA> speaker_1 <NA> <NA>
SPEAKER Dickson Lau 0489_8330-62121788_2025101001455120997 1   113.340   4.620 <NA> <NA> speaker_1 <NA> <NA>
SPEAKER Dickson Lau 0489_8330-62121788_2025101001455120997 1   118.300   3.100 <NA> <NA> speaker_0 <NA> <NA>
SPEAKER Dickson Lau 0489_8330-62121788_2025101001455120997 1   121.740   1.420 <NA> <NA> speaker_1 <NA> <NA>
SPEAKER Dickson Lau 0489_8330-62121788_2025101001455120997 1   124.620   0.875 <NA> <NA> speaker_0 <NA> <NA>
SPEAKER Dickson Lau 0489_8330-62121788_2025101001455120997 1   125.495   4.945 <NA> <NA> speaker_1 <NA> <NA>
SPEAKER Dickson Lau 0489_8330-62121788_2025101001455120997 1   130.860   5.625 <NA> <NA> speaker_0 <NA> <NA>
SPEAKER Dickson Lau 0489_8330-62121788_2025101001455120997 1   136.485   3.250 <NA> <NA> speaker_1 <NA> <NA>
SPEAKER Dickson Lau 0489_8330-62121788_2025101001455120997 1   139.735   1.250 <NA> <NA> speaker_0 <NA> <NA>
SPEAKER Dickson Lau 0489_8330-62121788_2025101001455120997 1   140.985   2.750 <NA> <NA> speaker_1 <NA> <NA>
SPEAKER Dickson Lau 0489_8330-62121788_2025101001455120997 1   143.735   1.825 <NA> <NA> speaker_0 <NA> <NA>
SPEAKER Dickson Lau 0489_8330-62121788_2025101001455120997 1   146.060   3.375 <NA> <NA> speaker_0 <NA> <NA>
SPEAKER Dickson Lau 0489_8330-62121788_2025101001455120997 1   149.435   0.750 <NA> <NA> speaker_1 <NA> <NA>
SPEAKER Dickson Lau 0489_8330-62121788_2025101001455120997 1   150.185   5.615 <NA> <NA> speaker_0 <NA> <NA>
SPEAKER Dickson Lau 0489_8330-62121788_2025101001455120997 1   156.700   1.375 <NA> <NA> speaker_1 <NA> <NA>
SPEAKER Dickson Lau 0489_8330-62121788_2025101001455120997 1   158.075   2.125 <NA> <NA> speaker_0 <NA> <NA>
SPEAKER Dickson Lau 0489_8330-62121788_2025101001455120997 1   160.700   0.875 <NA> <NA> speaker_1 <NA> <NA>
SPEAKER Dickson Lau 0489_8330-62121788_2025101001455120997 1   161.575   1.745 <NA> <NA> speaker_0 <NA> <NA>
SPEAKER Dickson Lau 0489_8330-62121788_2025101001455120997 1   164.140   6.375 <NA> <NA> speaker_1 <NA> <NA>
SPEAKER Dickson Lau 0489_8330-62121788_2025101001455120997 1   170.515   3.250 <NA> <NA> speaker_0 <NA> <NA>
SPEAKER Dickson Lau 0489_8330-62121788_2025101001455120997 1   173.765   4.250 <NA> <NA> speaker_1 <NA> <NA>
SPEAKER Dickson Lau 0489_8330-62121788_2025101001455120997 1   178.015   3.545 <NA> <NA> speaker_0 <NA> <NA>
SPEAKER Dickson Lau 0489_8330-62121788_2025101001455120997 1   183.500   1.125 <NA> <NA> speaker_1 <NA> <NA>
SPEAKER Dickson Lau 0489_8330-62121788_2025101001455120997 1   184.625   3.250 <NA> <NA> speaker_0 <NA> <NA>
SPEAKER Dickson Lau 0489_8330-62121788_2025101001455120997 1   187.875   0.250 <NA> <NA> speaker_1 <NA> <NA>
SPEAKER Dickson Lau 0489_8330-62121788_2025101001455120997 1   188.125   5.250 <NA> <NA> speaker_0 <NA> <NA>
SPEAKER Dickson Lau 0489_8330-62121788_2025101001455120997 1   193.375   1.000 <NA> <NA> speaker_1 <NA> <NA>
SPEAKER Dickson Lau 0489_8330-62121788_2025101001455120997 1   194.375   2.305 <NA> <NA> speaker_0 <NA> <NA>
SPEAKER Dickson Lau 0489_8330-62121788_2025101001455120997 1   197.020   1.420 <NA> <NA> speaker_1 <NA> <NA>
SPEAKER Dickson Lau 0489_8330-62121788_2025101001455120997 1   198.860   0.875 <NA> <NA> speaker_1 <NA> <NA>
SPEAKER Dickson Lau 0489_8330-62121788_2025101001455120997 1   199.735   2.500 <NA> <NA> speaker_0 <NA> <NA>
SPEAKER Dickson Lau 0489_8330-62121788_2025101001455120997 1   202.235   1.750 <NA> <NA> speaker_1 <NA> <NA>
SPEAKER Dickson Lau 0489_8330-62121788_2025101001455120997 1   203.985   3.000 <NA> <NA> speaker_0 <NA> <NA>
SPEAKER Dickson Lau 0489_8330-62121788_2025101001455120997 1   206.985   1.055 <NA> <NA> speaker_1 <NA> <NA>
SPEAKER Dickson Lau 0489_8330-62121788_2025101001455120997 1   208.380   2.875 <NA> <NA> speaker_0 <NA> <NA>
SPEAKER Dickson Lau 0489_8330-62121788_2025101001455120997 1   211.255   0.500 <NA> <NA> speaker_1 <NA> <NA>
SPEAKER Dickson Lau 0489_8330-62121788_2025101001455120997 1   211.755   7.325 <NA> <NA> speaker_0 <NA> <NA>
SPEAKER Dickson Lau 0489_8330-62121788_2025101001455120997 1   221.420   0.875 <NA> <NA> speaker_1 <NA> <NA>
SPEAKER Dickson Lau 0489_8330-62121788_2025101001455120997 1   222.295   2.500 <NA> <NA> speaker_0 <NA> <NA>
SPEAKER Dickson Lau 0489_8330-62121788_2025101001455120997 1   224.795   5.885 <NA> <NA> speaker_1 <NA> <NA>
SPEAKER Dickson Lau 0489_8330-62121788_2025101001455120997 1   231.180   0.620 <NA> <NA> speaker_1 <NA> <NA>
SPEAKER Dickson Lau 0489_8330-62121788_2025101001455120997 1   232.220   0.300 <NA> <NA> speaker_1 <NA> <NA>
SPEAKER Dickson Lau 0489_8330-62121788_2025101001455120997 1   232.940   5.660 <NA> <NA> speaker_0 <NA> <NA>
SPEAKER Dickson Lau 0489_8330-62121788_2025101001455120997 1   239.020   1.340 <NA> <NA> speaker_0 <NA> <NA>
SPEAKER Dickson Lau 0489_8330-62121788_2025101001455120997 1   241.020   2.875 <NA> <NA> speaker_1 <NA> <NA>
SPEAKER Dickson Lau 0489_8330-62121788_2025101001455120997 1   243.895   2.500 <NA> <NA> speaker_0 <NA> <NA>
SPEAKER Dickson Lau 0489_8330-62121788_2025101001455120997 1   246.395   2.500 <NA> <NA> speaker_1 <NA> <NA>
SPEAKER Dickson Lau 0489_8330-62121788_2025101001455120997 1   248.895   1.500 <NA> <NA> speaker_0 <NA> <NA>
SPEAKER Dickson Lau 0489_8330-62121788_2025101001455120997 1   250.395   0.500 <NA> <NA> speaker_1 <NA> <NA>
SPEAKER Dickson Lau 0489_8330-62121788_2025101001455120997 1   250.895   3.000 <NA> <NA> speaker_0 <NA> <NA>
SPEAKER Dickson Lau 0489_8330-62121788_2025101001455120997 1   253.895   1.345 <NA> <NA> speaker_1 <NA> <NA>
SPEAKER Dickson Lau 0489_8330-62121788_2025101001455120997 1   257.020   9.260 <NA> <NA> speaker_0 <NA> <NA>
SPEAKER Dickson Lau 0489_8330-62121788_2025101001455120997 1   267.020   0.620 <NA> <NA> speaker_1 <NA> <NA>
SPEAKER Dickson Lau 0489_8330-62121788_2025101001455120997 1   268.780   3.375 <NA> <NA> speaker_0 <NA> <NA>
SPEAKER Dickson Lau 0489_8330-62121788_2025101001455120997 1   272.155   1.005 <NA> <NA> speaker_1 <NA> <NA>
SPEAKER Dickson Lau 0489_8330-62121788_2025101001455120997 1   276.940   3.020 <NA> <NA> speaker_0 <NA> <NA>
SPEAKER Dickson Lau 0489_8330-62121788_2025101001455120997 1   282.220   0.940 <NA> <NA> speaker_1 <NA> <NA>
SPEAKER Dickson Lau 0489_8330-62121788_2025101001455120997 1   285.580   1.740 <NA> <NA> speaker_0 <NA> <NA>
SPEAKER Dickson Lau 0489_8330-62121788_2025101001455120997 1   290.300   5.020 <NA> <NA> speaker_0 <NA> <NA>
SPEAKER Dickson Lau 0489_8330-62121788_2025101001455120997 1   296.300   2.540 <NA> <NA> speaker_0 <NA> <NA>
SPEAKER Dickson Lau 0489_8330-62121788_2025101001455120997 1   299.580   2.860 <NA> <NA> speaker_0 <NA> <NA>
SPEAKER Dickson Lau 0489_8330-62121788_2025101001455120997 1   303.740   0.700 <NA> <NA> speaker_0 <NA> <NA>
SPEAKER Dickson Lau 0489_8330-62121788_2025101001455120997 1   305.180   2.460 <NA> <NA> speaker_0 <NA> <NA>
SPEAKER Dickson Lau 0489_8330-62121788_2025101001455120997 1   308.060   1.875 <NA> <NA> speaker_1 <NA> <NA>
SPEAKER Dickson Lau 0489_8330-62121788_2025101001455120997 1   309.935   3.945 <NA> <NA> speaker_0 <NA> <NA>
SPEAKER Dickson Lau 0489_8330-62121788_2025101001455120997 1   314.780   0.140 <NA> <NA> speaker_1 <NA> <NA>
SPEAKER Dickson Lau 0489_8330-62121788_2025101001455120997 1   315.420   0.875 <NA> <NA> speaker_1 <NA> <NA>
SPEAKER Dickson Lau 0489_8330-62121788_2025101001455120997 1   316.295   3.665 <NA> <NA> speaker_0 <NA> <NA>
SPEAKER Dickson Lau 0489_8330-62121788_2025101001455120997 1   322.060   4.700 <NA> <NA> speaker_0 <NA> <NA>
SPEAKER Dickson Lau 0489_8330-62121788_2025101001455120997 1   335.820   3.340 <NA> <NA> speaker_0 <NA> <NA>
SPEAKER Dickson Lau 0489_8330-62121788_2025101001455120997 1   339.660   0.875 <NA> <NA> speaker_1 <NA> <NA>
SPEAKER Dickson Lau 0489_8330-62121788_2025101001455120997 1   340.535   1.250 <NA> <NA> speaker_0 <NA> <NA>
SPEAKER Dickson Lau 0489_8330-62121788_2025101001455120997 1   341.785   1.000 <NA> <NA> speaker_1 <NA> <NA>
SPEAKER Dickson Lau 0489_8330-62121788_2025101001455120997 1   342.785   1.735 <NA> <NA> speaker_0 <NA> <NA>
SPEAKER Dickson Lau 0489_8330-62121788_2025101001455120997 1   345.180   1.125 <NA> <NA> speaker_1 <NA> <NA>
SPEAKER Dickson Lau 0489_8330-62121788_2025101001455120997 1   346.305   1.750 <NA> <NA> speaker_0 <NA> <NA>
SPEAKER Dickson Lau 0489_8330-62121788_2025101001455120997 1   348.055   0.500 <NA> <NA> speaker_1 <NA> <NA>
SPEAKER Dickson Lau 0489_8330-62121788_2025101001455120997 1   348.555   4.765 <NA> <NA> speaker_0 <NA> <NA>
SPEAKER Dickson Lau 0489_8330-62121788_2025101001455120997 1   353.660   3.100 <NA> <NA> speaker_1 <NA> <NA>
SPEAKER Dickson Lau 0489_8330-62121788_2025101001455120997 1   359.580   8.140 <NA> <NA> speaker_0 <NA> <NA>
SPEAKER Dickson Lau 0489_8330-62121788_2025101001455120997 1   369.420   2.700 <NA> <NA> speaker_0 <NA> <NA>
SPEAKER Dickson Lau 0489_8330-62121788_2025101001455120997 1   372.940   3.875 <NA> <NA> speaker_0 <NA> <NA>
SPEAKER Dickson Lau 0489_8330-62121788_2025101001455120997 1   376.815   1.225 <NA> <NA> speaker_1 <NA> <NA>
SPEAKER Dickson Lau 0489_8330-62121788_2025101001455120997 1   379.180   1.375 <NA> <NA> speaker_1 <NA> <NA>
SPEAKER Dickson Lau 0489_8330-62121788_2025101001455120997 1   380.555   5.000 <NA> <NA> speaker_0 <NA> <NA>
SPEAKER Dickson Lau 0489_8330-62121788_2025101001455120997 1   385.555   2.250 <NA> <NA> speaker_1 <NA> <NA>
SPEAKER Dickson Lau 0489_8330-62121788_2025101001455120997 1   387.805   5.595 <NA> <NA> speaker_0 <NA> <NA>
SPEAKER Dickson Lau 0489_8330-62121788_2025101001455120997 1   393.820   1.125 <NA> <NA> speaker_1 <NA> <NA>
SPEAKER Dickson Lau 0489_8330-62121788_2025101001455120997 1   394.945   5.750 <NA> <NA> speaker_0 <NA> <NA>
SPEAKER Dickson Lau 0489_8330-62121788_2025101001455120997 1   400.695   0.250 <NA> <NA> speaker_1 <NA> <NA>
SPEAKER Dickson Lau 0489_8330-62121788_2025101001455120997 1   400.945   0.250 <NA> <NA> speaker_0 <NA> <NA>
SPEAKER Dickson Lau 0489_8330-62121788_2025101001455120997 1   401.195   0.250 <NA> <NA> speaker_1 <NA> <NA>
SPEAKER Dickson Lau 0489_8330-62121788_2025101001455120997 1   401.445   4.750 <NA> <NA> speaker_0 <NA> <NA>
SPEAKER Dickson Lau 0489_8330-62121788_2025101001455120997 1   406.195   2.000 <NA> <NA> speaker_1 <NA> <NA>
SPEAKER Dickson Lau 0489_8330-62121788_2025101001455120997 1   408.195   3.500 <NA> <NA> speaker_0 <NA> <NA>
SPEAKER Dickson Lau 0489_8330-62121788_2025101001455120997 1   411.695   1.750 <NA> <NA> speaker_1 <NA> <NA>
SPEAKER Dickson Lau 0489_8330-62121788_2025101001455120997 1   413.445   1.875 <NA> <NA> speaker_0 <NA> <NA>
SPEAKER Dickson Lau 0489_8330-62121788_2025101001455120997 1   415.660   2.940 <NA> <NA> speaker_0 <NA> <NA>
SPEAKER Dickson Lau 0489_8330-62121788_2025101001455120997 1   420.860   2.625 <NA> <NA> speaker_0 <NA> <NA>
SPEAKER Dickson Lau 0489_8330-62121788_2025101001455120997 1   423.485   2.750 <NA> <NA> speaker_1 <NA> <NA>
SPEAKER Dickson Lau 0489_8330-62121788_2025101001455120997 1   426.235   2.000 <NA> <NA> speaker_0 <NA> <NA>
SPEAKER Dickson Lau 0489_8330-62121788_2025101001455120997 1   428.235   1.000 <NA> <NA> speaker_1 <NA> <NA>
SPEAKER Dickson Lau 0489_8330-62121788_2025101001455120997 1   429.235   3.525 <NA> <NA> speaker_0 <NA> <NA>
SPEAKER Dickson Lau 0489_8330-62121788_2025101001455120997 1   433.420   10.875 <NA> <NA> speaker_0 <NA> <NA>
SPEAKER Dickson Lau 0489_8330-62121788_2025101001455120997 1   444.295   3.750 <NA> <NA> speaker_1 <NA> <NA>
SPEAKER Dickson Lau 0489_8330-62121788_2025101001455120997 1   448.045   3.750 <NA> <NA> speaker_0 <NA> <NA>
SPEAKER Dickson Lau 0489_8330-62121788_2025101001455120997 1   451.795   2.485 <NA> <NA> speaker_1 <NA> <NA>
SPEAKER Dickson Lau 0489_8330-62121788_2025101001455120997 1   454.620   2.140 <NA> <NA> speaker_1 <NA> <NA>
SPEAKER Dickson Lau 0489_8330-62121788_2025101001455120997 1   457.340   4.060 <NA> <NA> speaker_1 <NA> <NA>
SPEAKER Dickson Lau 0489_8330-62121788_2025101001455120997 1   461.980   2.125 <NA> <NA> speaker_1 <NA> <NA>
SPEAKER Dickson Lau 0489_8330-62121788_2025101001455120997 1   464.105   2.250 <NA> <NA> speaker_0 <NA> <NA>
SPEAKER Dickson Lau 0489_8330-62121788_2025101001455120997 1   466.355   0.250 <NA> <NA> speaker_1 <NA> <NA>
SPEAKER Dickson Lau 0489_8330-62121788_2025101001455120997 1   466.605   2.250 <NA> <NA> speaker_0 <NA> <NA>
SPEAKER Dickson Lau 0489_8330-62121788_2025101001455120997 1   468.855   0.500 <NA> <NA> speaker_1 <NA> <NA>
SPEAKER Dickson Lau 0489_8330-62121788_2025101001455120997 1   469.355   2.205 <NA> <NA> speaker_0 <NA> <NA>
SPEAKER Dickson Lau 0489_8330-62121788_2025101001455120997 1   471.900   3.980 <NA> <NA> speaker_0 <NA> <NA>
SPEAKER Dickson Lau 0489_8330-62121788_2025101001455120997 1   477.020   5.900 <NA> <NA> speaker_0 <NA> <NA>
SPEAKER Dickson Lau 0489_8330-62121788_2025101001455120997 1   484.140   6.780 <NA> <NA> speaker_0 <NA> <NA>
SPEAKER Dickson Lau 0489_8330-62121788_2025101001455120997 1   491.820   1.375 <NA> <NA> speaker_1 <NA> <NA>
SPEAKER Dickson Lau 0489_8330-62121788_2025101001455120997 1   493.195   5.085 <NA> <NA> speaker_0 <NA> <NA>
SPEAKER Dickson Lau 0489_8330-62121788_2025101001455120997 1   499.580   3.625 <NA> <NA> speaker_0 <NA> <NA>
SPEAKER Dickson Lau 0489_8330-62121788_2025101001455120997 1   503.205   4.250 <NA> <NA> speaker_1 <NA> <NA>
SPEAKER Dickson Lau 0489_8330-62121788_2025101001455120997 1   507.455   1.465 <NA> <NA> speaker_0 <NA> <NA>
SPEAKER Dickson Lau 0489_8330-62121788_2025101001455120997 1   510.220   1.875 <NA> <NA> speaker_0 <NA> <NA>
SPEAKER Dickson Lau 0489_8330-62121788_2025101001455120997 1   512.095   1.500 <NA> <NA> speaker_1 <NA> <NA>
SPEAKER Dickson Lau 0489_8330-62121788_2025101001455120997 1   513.595   2.500 <NA> <NA> speaker_0 <NA> <NA>
SPEAKER Dickson Lau 0489_8330-62121788_2025101001455120997 1   516.095   1.750 <NA> <NA> speaker_1 <NA> <NA>
SPEAKER Dickson Lau 0489_8330-62121788_2025101001455120997 1   517.845   4.195 <NA> <NA> speaker_0 <NA> <NA>
SPEAKER Dickson Lau 0489_8330-62121788_2025101001455120997 1   522.540   1.875 <NA> <NA> speaker_1 <NA> <NA>
SPEAKER Dickson Lau 0489_8330-62121788_2025101001455120997 1   524.415   3.000 <NA> <NA> speaker_0 <NA> <NA>
SPEAKER Dickson Lau 0489_8330-62121788_2025101001455120997 1   527.415   1.000 <NA> <NA> speaker_1 <NA> <NA>
SPEAKER Dickson Lau 0489_8330-62121788_2025101001455120997 1   528.415   3.500 <NA> <NA> speaker_0 <NA> <NA>
SPEAKER Dickson Lau 0489_8330-62121788_2025101001455120997 1   531.915   1.005 <NA> <NA> speaker_1 <NA> <NA>
",86.00124263763428,166,1,<NA>,2025-10-28 12:10:19
Dickson Lau 0489_8330-62121788_2025101001564321255.wav,"SPEAKER Dickson Lau 0489_8330-62121788_2025101001564321255 1   0.220   1.580 <NA> <NA> speaker_1 <NA> <NA>
SPEAKER Dickson Lau 0489_8330-62121788_2025101001564321255 1   2.140   3.375 <NA> <NA> speaker_0 <NA> <NA>
SPEAKER Dickson Lau 0489_8330-62121788_2025101001564321255 1   5.515   2.500 <NA> <NA> speaker_1 <NA> <NA>
SPEAKER Dickson Lau 0489_8330-62121788_2025101001564321255 1   8.015   1.945 <NA> <NA> speaker_0 <NA> <NA>
SPEAKER Dickson Lau 0489_8330-62121788_2025101001564321255 1   11.100   3.580 <NA> <NA> speaker_1 <NA> <NA>
SPEAKER Dickson Lau 0489_8330-62121788_2025101001564321255 1   15.180   1.820 <NA> <NA> speaker_1 <NA> <NA>
SPEAKER Dickson Lau 0489_8330-62121788_2025101001564321255 1   17.420   1.625 <NA> <NA> speaker_0 <NA> <NA>
SPEAKER Dickson Lau 0489_8330-62121788_2025101001564321255 1   19.045   6.750 <NA> <NA> speaker_1 <NA> <NA>
SPEAKER Dickson Lau 0489_8330-62121788_2025101001564321255 1   25.795   1.750 <NA> <NA> speaker_0 <NA> <NA>
SPEAKER Dickson Lau 0489_8330-62121788_2025101001564321255 1   27.545   4.175 <NA> <NA> speaker_1 <NA> <NA>
SPEAKER Dickson Lau 0489_8330-62121788_2025101001564321255 1   32.540   3.625 <NA> <NA> speaker_1 <NA> <NA>
SPEAKER Dickson Lau 0489_8330-62121788_2025101001564321255 1   36.165   0.750 <NA> <NA> speaker_0 <NA> <NA>
SPEAKER Dickson Lau 0489_8330-62121788_2025101001564321255 1   36.915   0.250 <NA> <NA> speaker_1 <NA> <NA>
SPEAKER Dickson Lau 0489_8330-62121788_2025101001564321255 1   37.165   2.750 <NA> <NA> speaker_0 <NA> <NA>
SPEAKER Dickson Lau 0489_8330-62121788_2025101001564321255 1   39.915   1.000 <NA> <NA> speaker_1 <NA> <NA>
SPEAKER Dickson Lau 0489_8330-62121788_2025101001564321255 1   40.915   1.250 <NA> <NA> speaker_0 <NA> <NA>
SPEAKER Dickson Lau 0489_8330-62121788_2025101001564321255 1   42.165   2.500 <NA> <NA> speaker_1 <NA> <NA>
SPEAKER Dickson Lau 0489_8330-62121788_2025101001564321255 1   44.665   1.750 <NA> <NA> speaker_0 <NA> <NA>
SPEAKER Dickson Lau 0489_8330-62121788_2025101001564321255 1   46.415   1.225 <NA> <NA> speaker_1 <NA> <NA>
SPEAKER Dickson Lau 0489_8330-62121788_2025101001564321255 1   48.060   1.875 <NA> <NA> speaker_0 <NA> <NA>
SPEAKER Dickson Lau 0489_8330-62121788_2025101001564321255 1   49.935   8.750 <NA> <NA> speaker_1 <NA> <NA>
SPEAKER Dickson Lau 0489_8330-62121788_2025101001564321255 1   58.685   1.115 <NA> <NA> speaker_0 <NA> <NA>
SPEAKER Dickson Lau 0489_8330-62121788_2025101001564321255 1   62.940   4.375 <NA> <NA> speaker_1 <NA> <NA>
SPEAKER Dickson Lau 0489_8330-62121788_2025101001564321255 1   67.315   0.250 <NA> <NA> speaker_0 <NA> <NA>
SPEAKER Dickson Lau 0489_8330-62121788_2025101001564321255 1   67.565   4.750 <NA> <NA> speaker_1 <NA> <NA>
SPEAKER Dickson Lau 0489_8330-62121788_2025101001564321255 1   72.315   1.500 <NA> <NA> speaker_0 <NA> <NA>
SPEAKER Dickson Lau 0489_8330-62121788_2025101001564321255 1   73.815   4.065 <NA> <NA> speaker_1 <NA> <NA>
SPEAKER Dickson Lau 0489_8330-62121788_2025101001564321255 1   78.700   0.875 <NA> <NA> speaker_0 <NA> <NA>
SPEAKER Dickson Lau 0489_8330-62121788_2025101001564321255 1   79.575   1.905 <NA> <NA> speaker_1 <NA> <NA>
SPEAKER Dickson Lau 0489_8330-62121788_2025101001564321255 1   82.140   4.125 <NA> <NA> speaker_0 <NA> <NA>
SPEAKER Dickson Lau 0489_8330-62121788_2025101001564321255 1   86.265   7.775 <NA> <NA> speaker_1 <NA> <NA>
SPEAKER Dickson Lau 0489_8330-62121788_2025101001564321255 1   94.540   13.740 <NA> <NA> speaker_1 <NA> <NA>
SPEAKER Dickson Lau 0489_8330-62121788_2025101001564321255 1   109.020   0.140 <NA> <NA> speaker_1 <NA> <NA>
SPEAKER Dickson Lau 0489_8330-62121788_2025101001564321255 1   109.660   10.625 <NA> <NA> speaker_1 <NA> <NA>
SPEAKER Dickson Lau 0489_8330-62121788_2025101001564321255 1   120.285   0.250 <NA> <NA> speaker_0 <NA> <NA>
SPEAKER Dickson Lau 0489_8330-62121788_2025101001564321255 1   120.535   1.265 <NA> <NA> speaker_1 <NA> <NA>
",11.551888942718506,36,1,<NA>,2025-10-28 16:37:43
Dickson Lau_8330-91563963_2025100905241816219.wav,"SPEAKER Dickson Lau_8330-91563963_2025100905241816219 1   0.000   3.375 <NA> <NA> speaker_1 <NA> <NA>
SPEAKER Dickson Lau_8330-91563963_2025100905241816219 1   3.375   2.500 <NA> <NA> speaker_0 <NA> <NA>
SPEAKER Dickson Lau_8330-91563963_2025100905241816219 1   5.875   2.500 <NA> <NA> speaker_1 <NA> <NA>
SPEAKER Dickson Lau_8330-91563963_2025100905241816219 1   8.375   0.945 <NA> <NA> speaker_0 <NA> <NA>
",2.519418239593506,4,1,<NA>,2025-10-28 17:00:48
